2-gram,frequency
"('MOV', 'POP')",233900
"('POP', 'POP')",403000
"('POP', 'RET_NEAR')",210175
"('RET_NEAR', 'MOV')",156258
"('MOV', 'MOV')",2240495
"('MOV', 'CALL_NEAR')",180317
"('CALL_NEAR', 'LEA')",19597
"('LEA', 'CALL_NEAR')",30798
"('CALL_NEAR', 'MOV')",461617
"('MOV', 'PUSH')",821958
"('PUSH', 'MOV')",985033
"('MOV', 'SUB')",354446
"('SUB', 'MOV')",334743
"('PUSH', 'PUSH')",1311025
"('MOV', 'XOR')",400585
"('XOR', 'MOV')",372221
"('MOV', 'CMP')",392154
"('CMP', 'JZ')",485361
"('JZ', 'MOV')",295853
"('MOV', 'TEST')",312362
"('TEST', 'JNZ')",256846
"('JNZ', 'TEST')",46095
"('TEST', 'JZ')",374346
"('JZ', 'PUSH')",140131
"('MOV', 'AND')",260253
"('AND', 'CMP')",26794
"('CMP', 'JNZ')",327064
"('JNZ', 'CMP')",96354
"('CMP', 'JB')",79353
"('JB', 'LEA')",3952
"('LEA', 'MOV')",101888
"('MOV', 'NOT')",11129
"('NOT', 'CMP')",992
"('JNZ', 'MOV')",231175
"('JNZ', 'XOR')",35005
"('XOR', 'CMP')",69166
"('JZ', 'OR')",9719
"('OR', 'CMP')",7226
"('JB', 'MOV')",23945
"('POP', 'LEAVE')",75529
"('LEAVE', 'RET_NEAR')",112162
"('RET_NEAR', 'RET_NEAR')",6856
"('RET_NEAR', 'AND')",4109
"('AND', 'CALL_NEAR')",1628
"('MOV', 'RET_NEAR')",31819
"('RET_NEAR', 'OR')",3474
"('JNZ', 'JMP')",14163
"('JMP', 'MOV')",216020
"('CMP', 'JNB')",63126
"('JNB', 'MOV')",28722
"('JZ', 'LEA')",38204
"('PUSH', 'CALL_NEAR')",653146
"('PUSH', 'XOR')",65855
"('MOV', 'LEA')",153525
"('LEA', 'PUSH')",346786
"('CALL_NEAR', 'POP')",40384
"('RET_NEAR', 'JMP')",14034
"('MOV', 'JMP')",187527
"('JZ', 'CALL_NEAR')",14754
"('CMP', 'SETNZ')",3282
"('SETNZ', 'RET_NEAR')",385
"('RET_NEAR', 'TEST')",79897
"('LEA', 'CMP')",41848
"('JNZ', 'RET_NEAR')",6965
"('POP', 'MOV')",146095
"('POP', 'PUSH')",109636
"('PUSH', 'RET_NEAR')",4452
"('CMP', 'JL')",40480
"('JL', 'MOV')",42992
"('CALL_NEAR', 'TEST')",87411
"('XOR', 'CALL_NEAR')",14698
"('CALL_NEAR', 'CMP')",52281
"('JMP', 'RET_NEAR')",2083
"('RET_NEAR', 'POP')",39916
"('TEST', 'JL')",79806
"('JL', 'PUSH')",20208
"('PUSH', 'LEA')",218997
"('CALL_NEAR', 'PUSH')",138980
"('LEA', 'SUB')",10595
"('SUB', 'PUSH')",69040
"('XOR', 'XOR')",133372
"('XOR', 'LEA')",20615
"('LEA', 'STOSD')",5305
"('STOSD', 'XOR')",1102
"('MOV', 'OR')",210932
"('OR', 'TEST')",7264
"('JZ', 'TEST')",50498
"('JNZ', 'MOVZX')",18335
"('MOVZX', 'ADD')",45826
"('ADD', 'CMP')",49837
"('CMP', 'JNBE')",69451
"('JNBE', 'CMP')",10106
"('JNBE', 'LEA')",6431
"('MOV', 'MOVZX')",78877
"('MOVZX', 'PUSH')",24123
"('MOV', 'ADD')",978003
"('CMP', 'JBE')",42638
"('JBE', 'CMP')",7344
"('JB', 'TEST')",4190
"('JNZ', 'SHR')",3260
"('SHR', 'AND')",12756
"('JB', 'REP_MOVSD')",1647
"('REP_MOVSD', 'MOV')",2283
"('SUB', 'JB')",510
"('JB', 'AND')",1549
"('AND', 'ADD')",145587
"('ADD', 'JMP')",85143
"('JMP', 'AND')",6436
"('AND', 'MOV')",237155
"('MOV', 'SHR')",46138
"('SHR', 'MOV')",7311
"('ADD', 'ADD')",398204
"('REP_MOVSD', 'JMP')",1878
"('LEA', 'ADD')",7185
"('RET_NEAR', 'ADD')",17141
"('ADD', 'MOV')",714081
"('JNZ', 'PUSH')",74464
"('CALL_NEAR', 'AND')",6965
"('AND', 'AND')",74186
"('AND', 'LEA')",10045
"('JMP', 'CMP')",41294
"('PUSH', 'AND')",14299
"('AND', 'PUSH')",34880
"('AND', 'TEST')",3918
"('JNZ', 'LEA')",26379
"('XOR', 'PUSH')",61987
"('RET_NEAR', 'XOR')",16586
"('JZ', 'CMP')",189372
"('JZ', 'NOT')",4864
"('NOT', 'AND')",8333
"('MOV', 'JNZ')",20717
"('JNB', 'ADD')",995
"('SUB', 'NEG')",2587
"('NEG', 'SBB')",13027
"('SBB', 'AND')",6857
"('CALL_NEAR', 'RET_NEAR')",30368
"('JZ', 'MOVZX')",33395
"('MOVZX', 'MOV')",80070
"('CMP', 'MOV')",40004
"('POP', 'JZ')",2552
"('XOR', 'POP')",100442
"('MOV', 'NEG')",9223
"('SBB', 'NOT')",1996
"('NOT', 'LEA')",1282
"('LEA', 'AND')",4626
"('CALL_NEAR', 'XOR')",26113
"('ADD', 'LEA')",9067
"('ADD', 'MOVZX')",55827
"('MOVZX', 'CMP')",33577
"('JNZ', 'SBB')",657
"('SBB', 'SBB')",1233
"('SBB', 'JMP')",833
"('JMP', 'TEST')",19569
"('XOR', 'DEC')",4978
"('DEC', 'JS')",2003
"('JS', 'PUSH')",614
"('LEA', 'SAR')",1486
"('SAR', 'MOV')",5628
"('JZ', 'SBB')",331
"('JL', 'JLE')",2069
"('JLE', 'LEA')",846
"('CMP', 'JNL')",21286
"('JNL', 'LEA')",2471
"('LEA', 'JMP')",5256
"('JNL', 'CMP')",9071
"('CMP', 'POP')",5382
"('POP', 'JL')",1287
"('JNZ', 'INC')",15527
"('INC', 'INC')",60088
"('INC', 'TEST')",23332
"('XOR', 'TEST')",19839
"('JLE', 'MOV')",7393
"('MOVZX', 'MOVZX')",27631
"('JMP', 'XOR')",32510
"('JL', 'CMP')",19596
"('LEA', 'TEST')",7323
"('JL', 'CALL_NEAR')",2393
"('PUSH', 'POP')",132724
"('POP', 'CMP')",13415
"('CALL_NEAR', 'INT')",248
"('INT', 'ADD')",248
"('ADD', 'RET_NEAR')",16840
"('CALL_NEAR', 'ADD')",31780
"('JNBE', 'MOV')",22187
"('LEA', 'MOVSD')",1648
"('MOVSD', 'MOVSW')",744
"('MOVSW', 'POP')",496
"('POP', 'XOR')",54209
"('RET_NEAR', 'PUSH')",45865
"('LEA', 'POP')",6251
"('MOVZX', 'XOR')",16941
"('LEA', 'REPE_CMPSB')",327
"('REPE_CMPSB', 'XOR')",248
"('XOR', 'JMP')",30720
"('JMP', 'POP')",80852
"('TEST', 'JNL')",21168
"('JNL', 'PUSH')",11016
"('JL', 'LEA')",11051
"('RET_NEAR', 'CMP')",27221
"('CMP', 'PUSH')",13384
"('JNBE', 'TEST')",5127
"('TEST', 'JBE')",4175
"('JBE', 'MOVZX')",2174
"('PUSH', 'MOVZX')",12868
"('MOVZX', 'IMUL')",7741
"('IMUL', 'POP')",493
"('POP', 'ADD')",96699
"('JL', 'XOR')",7058
"('MOV', 'JNBE')",2045
"('OR', 'MOV')",209116
"('ADD', 'AND')",153817
"('SHR', 'CMP')",6500
"('MOV', 'DEC')",35381
"('DEC', 'CMP')",16157
"('JNB', 'SUB')",1653
"('SUB', 'CMP')",16425
"('JZ', 'ADD')",16034
"('PUSH', 'OR')",9642
"('OR', 'PUSH')",21905
"('XOR', 'INC')",60743
"('INC', 'MOV')",36849
"('LEA', 'BTR_LOCK')",248
"('BTR_LOCK', 'JNB')",744
"('JZ', 'INC')",22900
"('JNZ', 'ADD')",11111
"('JZ', 'XOR')",41976
"('SUB', 'TEST')",11115
"('TEST', 'JNLE')",5870
"('JNLE', 'MOV')",7849
"('TEST', 'JLE')",6679
"('JLE', 'CMP')",3359
"('JNZ', 'SUB')",14097
"('MOV', 'SHL')",31351
"('SHL', 'MOV')",16324
"('DEC', 'MOV')",18272
"('JNZ', 'DEC')",6827
"('AND', 'XOR')",77815
"('INC', 'SHL')",8513
"('LEA', 'NOT')",1235
"('PUSH', 'CMP')",14387
"('CMP', 'SETZ')",2698
"('SETZ', 'MOVZX')",664
"('LEA', 'XOR')",8050
"('MOV', 'JZ')",19126
"('SHL', 'INC')",2349
"('SHR', 'LEA')",10155
"('XOR', 'AND')",70454
"('AND', 'INC')",3382
"('SHL', 'OR')",10616
"('ADD', 'JNZ')",856
"('MOV', 'XADD_LOCK')",2728
"('XADD_LOCK', 'INC')",1736
"('INC', 'CMP')",37966
"('JNZ', 'POP')",18379
"('PUSH', 'JZ')",5062
"('LEA', 'NOP')",831
"('NOP', 'NOP')",32188
"('NOP', 'MOV')",4263
"('MOV', 'INC')",56858
"('SUB', 'SAR')",9954
"('SAR', 'POP')",1974
"('JNBE', 'ADD')",5960
"('MOVZX', 'LEA')",14001
"('CMP', 'JNLE')",6993
"('PUSH', 'SHR')",3920
"('ADD', 'INC')",11789
"('JNL', 'MOV')",9863
"('SHR', 'XOR')",9873
"('MOVZX', 'SHR')",5070
"('JBE', 'MOV')",19994
"('JZ', 'DEC')",29574
"('DEC', 'JNZ')",21769
"('CMP', 'LEA')",5278
"('LEA', 'JNZ')",2561
"('MOVZX', 'SHL')",2852
"('SHL', 'ADD')",20673
"('SUB', 'JZ')",18106
"('DEC', 'DEC')",15016
"('DEC', 'JZ')",21987
"('JZ', 'SUB')",13813
"('XOR', 'DIV')",4587
"('DIV', 'DEC')",1219
"('SAR', 'CMP')",1702
"('JNLE', 'AND')",751
"('CALL_NEAR', 'SHR')",639
"('JNL', 'XOR')",1541
"('MOV', 'JBE')",748
"('JBE', 'LEA')",2621
"('JNB', 'CMP')",7412
"('INC', 'JMP')",21154
"('JMP', 'LEA')",10976
"('JMP', 'PUSH')",81994
"('INC', 'LEA')",2977
"('SAR', 'PUSH')",414
"('SUB', 'MOVZX')",9116
"('JL', 'INC')",1051
"('JB', 'CMP')",21140
"('RET_NEAR', 'LEA')",6869
"('MOVZX', 'SAR')",985
"('SAR', 'ADD')",2221
"('JNB', 'LEA')",4300
"('PUSH', 'ADD')",13947
"('ADD', 'PUSH')",136281
"('PUSH', 'TEST')",9095
"('JNBE', 'PUSH')",6399
"('CALL_NEAR', 'REP_MOVSD')",645
"('JMP', 'MOVZX')",11062
"('INC', 'POP')",23847
"('JNBE', 'SHR')",489
"('POP', 'CALL_NEAR')",21748
"('CALL_NEAR', 'LEAVE')",16422
"('JL', 'MOVZX')",2656
"('XOR', 'ADD')",153785
"('REP_MOVSD', 'REP_MOVSD')",3482
"('JNL', 'SHR')",496
"('JNB', 'DEC')",1396
"('JB', 'ADD')",1766
"('ADD', 'TEST')",8837
"('XOR', 'SHL')",4750
"('XOR', 'SHR')",3647
"('MOVZX', 'SUB')",19057
"('MOV', 'JNB')",1980
"('DEC', 'JMP')",9442
"('INC', 'AND')",4414
"('AND', 'SHL')",13835
"('SHL', 'NOT')",3253
"('SHL', 'SUB')",10517
"('SUB', 'LEA')",3689
"('LEA', 'JZ')",3702
"('LEA', 'OR')",1298
"('XOR', 'MOVZX')",15262
"('JNZ', 'AND')",10134
"('XOR', 'STOSD')",441
"('STOSD', 'STOSD')",7498
"('STOSD', 'JMP')",470
"('LEA', 'REP_STOSD')",2388
"('REP_STOSD', 'REP_STOSD')",5376
"('REP_STOSD', 'MOV')",3387
"('POP', 'LEA')",4966
"('MOV', 'REP_STOSD')",2253
"('JNZ', 'OR')",7833
"('JNB', 'TEST')",7242
"('AND', 'JNZ')",8321
"('AND', 'JZ')",6697
"('SHL', 'PUSH')",8271
"('JMP', 'ADD')",54601
"('JZ', 'SHR')",889
"('TEST', 'JS')",1385
"('JS', 'TEST')",496
"('NOT', 'TEST')",1841
"('JNBE', 'JB')",1054
"('JNB', 'XOR')",1700
"('JB', 'JNBE')",333
"('LEA', 'MOVZX')",4655
"('POP', 'REP_MOVSD')",568
"('REP_MOVSD', 'CMP')",356
"('JBE', 'AND')",1747
"('MOVZX', 'TEST')",21340
"('AND', 'MOVZX')",12832
"('TEST', 'MOV')",8391
"('MOVZX', 'NEG')",2271
"('STOSD', 'MOV')",1564
"('DEC', 'TEST')",3521
"('JNLE', 'TEST')",953
"('CMP', 'MOVZX')",971
"('MOVZX', 'JNZ')",1437
"('JNLE', 'CMP')",1588
"('MOV', 'MUL')",7099
"('MUL', 'PUSH')",3944
"('MOV', 'JB')",4367
"('MOV', 'SAR')",5874
"('SAR', 'JNZ')",496
"('LEA', 'LEA')",7421
"('SHR', 'PUSH')",10315
"('TEST', 'PUSH')",2337
"('JZ', 'AND')",12931
"('JZ', 'JL')",818
"('SUB', 'DEC')",3077
"('RET_NEAR', 'LEAVE')",4282
"('JNL', 'POP')",1611
"('NOT', 'MOV')",7153
"('POP', 'TEST')",23538
"('AND', 'JMP')",10414
"('JB', 'JMP')",4703
"('JL', 'TEST')",6893
"('MOVZX', 'DEC')",4494
"('DEC', 'INC')",6362
"('JZ', 'JMP')",13655
"('JZ', 'POP')",11626
"('ADD', 'POP')",111074
"('JNBE', 'AND')",504
"('CALL_NEAR', 'JMP')",29437
"('JL', 'RET_NEAR')",745
"('JB', 'PUSH')",5777
"('JNBE', 'MOVZX')",4168
"('INC', 'DEC')",12316
"('DEC', 'MOVZX')",1240
"('MOVZX', 'JZ')",993
"('SUB', 'POP')",60044
"('JB', 'MOVZX')",5608
"('PUSH', 'JMP')",64702
"('JB', 'NEG')",1074
"('NEG', 'AND')",2957
"('AND', 'SHR')",3614
"('SHR', 'JZ')",2216
"('JZ', 'REP_STOSD')",1637
"('REP_STOSD', 'TEST')",827
"('ADD', 'SUB')",229088
"('SUB', 'JNZ')",5282
"('POP', 'JBE')",318
"('JBE', 'JMP')",569
"('JNBE', 'XOR')",1100
"('LEA', 'IMUL')",1338
"('IMUL', 'XOR')",1218
"('JNZ', 'IMUL')",701
"('IMUL', 'ADD')",15570
"('JNBE', 'SBB')",249
"('SBB', 'NEG')",3076
"('NEG', 'POP')",2197
"('OR', 'POP')",13176
"('JZ', 'JNL')",551
"('JNL', 'SUB')",253
"('TEST', 'SETZ')",894
"('SETZ', 'OR')",336
"('JNBE', 'SUB')",1551
"('MOV', 'IMUL')",17443
"('RET_NEAR', 'MOVZX')",4378
"('ADD', 'XOR')",183743
"('DIV', 'MOV')",3041
"('CALL_NEAR', 'DEC')",1774
"('JNB', 'MOVZX')",4197
"('MOVZX', 'POP')",1307
"('SUB', 'JMP')",30168
"('ADD', 'DEC')",6777
"('JNB', 'POP')",1287
"('JNL', 'CALL_NEAR')",333
"('JMP', 'CALL_NEAR')",6342
"('JL', 'ADD')",1606
"('JNBE', 'SHL')",251
"('OR', 'SUB')",65289
"('CALL_NEAR', 'OR')",5263
"('OR', 'JMP')",8105
"('STOSD', 'STOSW')",2279
"('STOSW', 'XOR')",2071
"('XOR', 'CMPXCHG_LOCK')",2289
"('CMPXCHG_LOCK', 'TEST')",1553
"('JNB', 'PUSH')",3190
"('DEC', 'PUSH')",6877
"('MOV', 'MOVSD')",5456
"('MOVSD', 'MOVSD')",18845
"('MOVSD', 'ADD')",580
"('ADD', 'MOVSD')",392
"('MOVSD', 'PUSH')",564
"('SHR', 'MOVZX')",3795
"('SUB', 'AND')",69559
"('CMP', 'JLE')",8201
"('MOVZX', 'INC')",6654
"('INC', 'SHR')",2563
"('SHR', 'INC')",3054
"('OR', 'MOVZX')",8717
"('SUB', 'SUB')",102549
"('SUB', 'ADD')",183626
"('RET_NEAR', 'DEC')",330
"('TEST', 'SETNL')",3325
"('SETNL', 'POP')",1966
"('OR', 'JZ')",5641
"('OR', 'XOR')",66998
"('XOR', 'REPNE_SCASW')",939
"('REPNE_SCASW', 'REPNE_SCASW')",248
"('REPNE_SCASW', 'NOT')",248
"('NOT', 'SHL')",1771
"('SHL', 'CMP')",1437
"('JNLE', 'PUSH')",546
"('CALL_NEAR', 'MOVZX')",8260
"('MOVSD', 'MOV')",3560
"('ADD', 'NEG')",2500
"('SBB', 'MOV')",1136
"('JNBE', 'JMP')",1903
"('JNL', 'JMP')",3801
"('SHR', 'ADD')",6585
"('SHR', 'SUB')",5872
"('SUB', 'IMUL')",493
"('SAR', 'MOVZX')",1416
"('JL', 'POP')",1140
"('XOR', 'LEAVE')",678
"('TEST', 'SETNZ')",2275
"('SETNZ', 'MOV')",2080
"('MOV', 'LEAVE')",7228
"('MOV', 'BTS_LOCK')",250
"('BTS_LOCK', 'JB')",250
"('JB', 'POP')",4302
"('JB', 'INC')",1720
"('INC', 'ADD')",17834
"('SHL', 'SHL')",2743
"('JB', 'STD')",248
"('STD', 'REP_MOVSD')",248
"('REP_MOVSD', 'CLD')",248
"('CLD', 'JMP')",280
"('PUSH', 'SHL')",1319
"('ADD', 'CALL_NEAR')",2248
"('AND', 'ROR')",496
"('ROR', 'POP')",248
"('OR', 'XADD_LOCK')",250
"('XADD_LOCK', 'TEST')",250
"('OR', 'ADD')",131491
"('JNB', 'AND')",1313
"('POP', 'JMP')",72142
"('CMP', 'SBB')",2076
"('ADD', 'XCHG')",35219
"('XCHG', 'SUB')",1730
"('JZ', 'MOVSX')",548
"('MOVSX', 'POP')",605
"('MOVZX', 'AND')",10402
"('JNL', 'INC')",649
"('DEC', 'JNS')",1049
"('JNS', 'MOV')",732
"('IMUL', 'LEA')",2538
"('JLE', 'INC')",993
"('SAR', 'LEA')",3675
"('PUSH', 'INC')",4074
"('INC', 'PUSH')",12784
"('JMP', 'INC')",7907
"('INC', 'XOR')",8498
"('MOV', 'JL')",3010
"('SHL', 'LEA')",1149
"('POP', 'SUB')",53540
"('XOR', 'REPNE_SCASB')",654
"('REPNE_SCASB', 'REPNE_SCASB')",496
"('REPNE_SCASB', 'NOT')",496
"('SETZ', 'ADD')",248
"('MOVSD', 'XOR')",642
"('POP', 'INC')",4823
"('XOR', 'REPE_CMPSD')",349
"('REPE_CMPSD', 'REPE_CMPSD')",340
"('REPE_CMPSD', 'JNZ')",566
"('TEST', 'JNBE')",802
"('STOSW', 'AND')",496
"('JNS', 'JMP')",291
"('INC', 'OR')",1617
"('JNZ', 'LEAVE')",496
"('JZ', 'LEAVE')",643
"('CALL_NEAR', 'INC')",2441
"('JMP', 'LEAVE')",1218
"('SUB', 'SHR')",3353
"('SHR', 'DEC')",3431
"('SHL', 'DEC')",2615
"('DEC', 'NOT')",4105
"('ADD', 'SHL')",6691
"('MOVZX', 'JMP')",3042
"('JMP', 'SHR')",3741
"('JMP', 'SHL')",4547
"('SHL', 'SHR')",3386
"('LEA', 'SHR')",868
"('IMUL', 'MOV')",11076
"('SUB', 'XOR')",78032
"('MOV', 'LSL')",248
"('LSL', 'MOV')",248
"('JZ', 'XCHG')",747
"('XCHG', 'MOV')",17192
"('MOV', 'CMPXCHG8B_LOCK')",2750
"('CMPXCHG8B_LOCK', 'JZ')",496
"('CMPXCHG8B_LOCK', 'MOV')",1269
"('JNLE', 'MOVSX')",251
"('MOVSX', 'PUSH')",1421
"('SHR', 'TEST')",2733
"('LEA', 'SHL')",778
"('INC', 'XADD_LOCK')",744
"('XADD_LOCK', 'MOV')",496
"('PUSH', 'IMUL')",981
"('IMUL', 'PUSH')",896
"('MOV', 'CMPXCHG_LOCK')",2610
"('CMPXCHG_LOCK', 'CMP')",766
"('IMUL', 'MOVZX')",1848
"('ADD', 'DIV')",741
"('MOV', 'JLE')",2384
"('XCHG', 'TEST')",277
"('ADD', 'ADC')",3977
"('ADC', 'AND')",755
"('MOVZX', 'CDQ')",575
"('CDQ', 'SHLD')",496
"('SHLD', 'SHL')",1069
"('OR', 'OR')",59066
"('CMPXCHG8B_LOCK', 'CMP')",1062
"('SHR', 'SHL')",2278
"('MOV', 'JNL')",1312
"('XOR', 'JNZ')",282
"('AND', 'NEG')",2471
"('INC', 'RET_NEAR')",4059
"('AND', 'POP')",12825
"('JBE', 'PUSH')",3803
"('PUSH', 'SUB')",12703
"('TEST', 'POP')",946
"('POP', 'JNZ')",3644
"('OR', 'LEAVE')",496
"('SUB', 'INC')",6123
"('JLE', 'XOR')",1364
"('TEST', 'MOVZX')",416
"('MOV', 'JNLE')",1458
"('AND', 'SUB')",68210
"('JNZ', 'CALL_NEAR')",16604
"('SBB', 'LEA')",700
"('MOV', 'REPE_CMPSD')",239
"('MOV', 'ADC')",599
"('ADC', 'MOV')",1960
"('SHR', 'NOT')",2449
"('POP', 'JNBE')",556
"('AND', 'CMPXCHG_LOCK')",248
"('CMPXCHG_LOCK', 'JNZ')",992
"('JMP', 'JMP')",17530
"('MUL', 'SHL')",496
"('SHL', 'IMUL')",496
"('IMUL', 'SHRD')",496
"('SHRD', 'SHR')",983
"('INC', 'LEAVE')",2621
"('JMP', 'NOT')",4053
"('JBE', 'TEST')",1302
"('JZ', 'RET_NEAR')",818
"('MOV', 'BTR_LOCK')",496
"('INC', 'CALL_NEAR')",2706
"('MOV', 'ROR')",432
"('ROR', 'XOR')",432
"('SETNL', 'MOV')",1222
"('REP_STOSD', 'ADD')",491
"('REP_STOSD', 'LEA')",327
"('SUB', 'OR')",63326
"('REPNE_SCASW', 'XOR')",79
"('SBB', 'PUSH')",244
"('JNBE', 'JZ')",1319
"('JNBE', 'POP')",1031
"('INC', 'MOVZX')",4448
"('JZ', 'NOP')",471
"('NOP', 'INC')",793
"('JMP', 'JNZ')",365
"('MOVSD', 'OR')",79
"('REPNE_SCASB', 'PUSH')",79
"('JNBE', 'INC')",719
"('SHL', 'TEST')",408
"('AND', 'OR')",62261
"('CALL_NEAR', 'NEG')",828
"('NEG', 'MOV')",763
"('CALL_NEAR', 'CALL_NEAR')",9537
"('STOSW', 'LEA')",237
"('MOVSD', 'CMP')",79
"('STOSW', 'PUSH')",81
"('JMP', 'SUB')",29731
"('PUSH', 'STOSW')",81
"('MOVSD', 'MOVZX')",79
"('POP', 'SETNL')",79
"('PUSH', 'REP_STOSD')",564
"('MOV', 'XCHG')",2184
"('SETZ', 'MOV')",1468
"('SBB', 'INC')",1627
"('JNB', 'JMP')",1209
"('JBE', 'INC')",885
"('OR', 'INC')",1820
"('OR', 'CALL_NEAR')",4186
"('RET_NEAR', 'INC')",1978
"('JB', 'XOR')",2688
"('JZ', 'NEG')",885
"('NEG', 'NEG')",2209
"('MUL', 'MOV')",1555
"('MUL', 'XOR')",490
"('ADC', 'ADD')",1475
"('MUL', 'ADD')",1550
"('JBE', 'SUB')",2135
"('SUB', 'SHRD')",490
"('SHR', 'JMP')",4788
"('JMP', 'SHRD')",245
"('SBB', 'POP')",616
"('IMUL', 'SUB')",486
"('MOV', 'DIV')",2496
"('DIV', 'XOR')",893
"('DIV', 'LEA')",245
"('LEA', 'DIV')",245
"('DIV', 'TEST')",964
"('POP', 'DIV')",432
"('MOV', 'MOVSX')",4398
"('MOVSX', 'SUB')",441
"('DIV', 'PUSH')",245
"('DIV', 'INC')",245
"('CALL_NEAR', 'MOVSX')",599
"('PUSH', 'MOVSX')",574
"('MOVZX', 'MOVSX')",732
"('MOVSX', 'AND')",568
"('AND', 'MOVSX')",266
"('PUSH', 'SAR')",1859
"('JMP', 'MOVSX')",328
"('ADD', 'JS')",514
"('JS', 'MOV')",3242
"('XOR', 'OR')",64169
"('JLE', 'SUB')",788
"('MOV', 'CDQ')",2360
"('CDQ', 'PUSH')",1718
"('OR', 'JNZ')",3896
"('SUB', 'SBB')",1076
"('JLE', 'POP')",332
"('JNLE', 'POP')",960
"('PUSH', 'DEC')",1499
"('SETNZ', 'INC')",737
"('JLE', 'PUSH')",2044
"('POP', 'JNLE')",298
"('CDQ', 'JMP')",327
"('DEC', 'CALL_NEAR')",295
"('RET_NEAR', 'CALL_NEAR')",6429
"('POP', 'SBB')",95
"('JMP', 'OR')",5844
"('OR', 'RET_NEAR')",1338
"('POP', 'SAR')",83
"('REPNE_SCASW', 'PUSH')",158
"('TEST', 'JNS')",1809
"('MOV', 'SHRD')",325
"('SHRD', 'MOV')",325
"('SHR', 'SHLD')",325
"('SHR', 'OR')",1797
"('LEA', 'CMPXCHG8B_LOCK')",325
"('RET_NEAR', 'SUB')",535
"('PUSH', 'NEG')",898
"('NEG', 'CALL_NEAR')",158
"('PUSH', 'JNZ')",2602
"('JNB', 'CALL_NEAR')",82
"('JMP', 'DEC')",4920
"('JNLE', 'INC')",82
"('JZ', 'IMUL')",599
"('JNBE', 'JNZ')",253
"('MOV', 'SETZ')",553
"('DEC', 'AND')",2730
"('ADD', 'OR')",145412
"('JNS', 'AND')",561
"('POP', 'SETZ')",352
"('MOV', 'JS')",719
"('JL', 'DEC')",159
"('JNL', 'OR')",323
"('OR', 'LEA')",2427
"('JS', 'LEA')",275
"('LEA', 'CDQ')",1840
"('CDQ', 'SUB')",1998
"('JNLE', 'LEA')",674
"('LEA', 'INC')",1574
"('JL', 'AND')",1532
"('MOVSX', 'MOV')",4689
"('JL', 'OR')",2380
"('SAR', 'INC')",983
"('POP', 'MUL')",956
"('MOVSX', 'LEA')",1933
"('STOSD', 'POP')",320
"('JNBE', 'CALL_NEAR')",1817
"('JL', 'SUB')",740
"('SHL', 'AND')",5421
"('JNLE', 'MOVZX')",491
"('PUSH', 'JBE')",306
"('POP', 'SHL')",5864
"('JBE', 'SHR')",241
"('PUSH', 'NOP')",622
"('NOP', 'CMP')",277
"('SHL', 'MOVZX')",496
"('POP', 'IDIV')",320
"('IDIV', 'CDQ')",241
"('CDQ', 'MOV')",1203
"('JNL', 'MOVZX')",483
"('AND', 'CDQ')",241
"('JL', 'JNLE')",332
"('JNBE', 'OR')",741
"('MOVSX', 'IMUL')",320
"('IMUL', 'INC')",883
"('JL', 'MOVSX')",964
"('MOVSX', 'MOVSX')",1446
"('JNZ', 'MOVSX')",1698
"('MOVSX', 'CMP')",1284
"('JLE', 'MOVSX')",242
"('XOR', 'IMUL')",1020
"('INC', 'MOVSX')",723
"('OR', 'AND')",61138
"('JNL', 'AND')",486
"('PUSH', 'SETNZ')",1707
"('SETNZ', 'MOVZX')",241
"('TEST', 'LEA')",349
"('CMP', 'SETNBE')",723
"('SETNBE', 'POP')",723
"('SETZ', 'INC')",736
"('SETNZ', 'CMP')",730
"('MOV', 'STOSW')",383
"('STOSW', 'MOV')",624
"('JLE', 'CWDE')",241
"('CWDE', 'MOV')",241
"('XOR', 'SAR')",482
"('SETNZ', 'PUSH')",1721
"('JBE', 'DEC')",300
"('JLE', 'MOVZX')",738
"('AND', 'DEC')",1593
"('POP', 'SETNZ')",652
"('SETNZ', 'DEC')",491
"('AND', 'IMUL')",1479
"('PUSH', 'JS')",297
"('SAR', 'SUB')",1168
"('JLE', 'JMP')",787
"('MOVSX', 'MOVZX')",562
"('JMP', 'IMUL')",265
"('CMP', 'JMP')",320
"('JMP', 'JZ')",852
"('JNL', 'TEST')",1791
"('REP_STOSD', 'STOSW')",766
"('STOSD', 'ADD')",393
"('ADD', 'STOSW')",241
"('STOSW', 'MOVZX')",241
"('XOR', 'SUB')",79386
"('ADD', 'IMUL')",1868
"('JNL', 'DEC')",243
"('JNB', 'SHLD')",248
"('SHL', 'RET_NEAR')",496
"('AND', 'JL')",249
"('OR', 'DEC')",1676
"('DEC', 'SUB')",4201
"('REP_STOSD', 'POP')",246
"('SAR', 'TEST')",406
"('JNS', 'CMP')",206
"('JL', 'JMP')",394
"('JNB', 'OR')",941
"('JB', 'SUB')",705
"('TEST', 'JMP')",976
"('SHRD', 'ADD')",248
"('SHR', 'CALL_NEAR')",248
"('POP', 'NOP')",4975
"('NOP', 'PUSH')",3340
"('PUSH', 'SETZ')",524
"('SETZ', 'PUSH')",678
"('JNZ', 'SHL')",745
"('JNZ', 'XCHG')",251
"('PUSH', 'ADC')",371
"('ADC', 'PUSH')",333
"('LEA', 'XCHG')",248
"('XADD_LOCK', 'POP')",248
"('POP', 'OR')",8607
"('CDQ', 'ADD')",248
"('CDQ', 'AND')",248
"('ADD', 'SAR')",248
"('ADD', 'SHR')",4326
"('CMP', 'SETNL')",820
"('SETNL', 'CALL_NEAR')",496
"('RET_NEAR', 'NEG')",2347
"('NEG', 'ADD')",4001
"('PUSH', 'SBB')",336
"('DEC', 'OR')",1461
"('NOT', 'BSF')",496
"('BSF', 'SUB')",248
"('SAR', 'SHL')",248
"('ROR', 'LEAVE')",248
"('DIV', 'CMP')",1541
"('INC', 'JZ')",495
"('POP', 'AND')",10546
"('CMPXCHG_LOCK', 'RET_NEAR')",823
"('DEC', 'NEG')",2417
"('SBB', 'ADD')",714
"('MOV', 'REP_MOVSD')",1843
"('REP_MOVSD', 'AND')",495
"('CALL_NEAR', 'SUB')",2705
"('SHR', 'SHR')",2237
"('JZ', 'JLE')",499
"('ADD', 'SBB')",504
"('SBB', 'OR')",499
"('POP', 'XCHG')",15506
"('AND', 'LEAVE')",1486
"('STOSD', 'PUSH')",509
"('PUSH', 'STOSD')",406
"('STOSD', 'CALL_NEAR')",406
"('JNLE', 'CALL_NEAR')",252
"('SETNZ', 'LEA')",714
"('SETNL', 'CMP')",219
"('JB', 'OR')",504
"('XADD_LOCK', 'DEC')",496
"('DEC', 'RET_NEAR')",496
"('XOR', 'RET_NEAR')",5420
"('JBE', 'ADD')",2265
"('JMP', 'JBE')",229
"('JZ', 'SHL')",659
"('MOV', 'NOP')",1262
"('JB', 'DEC')",79
"('PUSH', 'PUSHFD')",495
"('PUSHFD', 'POP')",992
"('PUSH', 'POPFD')",990
"('POPFD', 'PUSHFD')",495
"('POPFD', 'XOR')",496
"('XOR', 'CPUID')",495
"('CPUID', 'MOV')",990
"('MOV', 'CPUID')",495
"('AND', 'MOVAPD')",495
"('MOVAPD', 'MOV')",495
"('POP', 'DEC')",5257
"('DEC', 'POP')",1558
"('NEG', 'DEC')",1299
"('ADD', 'NOT')",2655
"('SAR', 'JMP')",392
"('JNL', 'ADD')",105
"('ADD', 'CDQ')",158
"('JMP', 'SBB')",252
"('SBB', 'MOVSX')",331
"('CALL_NEAR', 'JNLE')",87
"('JNLE', 'DEC')",79
"('OR', 'SHL')",4625
"('MUL', 'SETO')",160
"('SETO', 'MOV')",76
"('NEG', 'OR')",1484
"('ADD', 'SETB')",152
"('SETB', 'NEG')",152
"('JS', 'CMP')",75
"('NEG', 'PUSH')",3967
"('IMUL', 'TEST')",575
"('MOV', 'JNS')",245
"('JNS', 'XOR')",166
"('MOV', 'STOSD')",854
"('JNB', 'JNBE')",87
"('MOV', 'REP_STOSB')",408
"('REP_STOSB', 'REP_STOSB')",362
"('REP_STOSB', 'MOV')",454
"('SHR', 'PXOR')",219
"('PXOR', 'MOVDQA')",219
"('MOVDQA', 'MOVDQA')",3066
"('MOVDQA', 'LEA')",438
"('LEA', 'DEC')",822
"('RET_NEAR', 'MOVDQA')",219
"('SETZ', 'CALL_NEAR')",157
"('IMUL', 'AND')",79
"('REPNE_SCASB', 'MOV')",79
"('CMP', 'STOSD')",79
"('ADD', 'JZ')",400
"('JBE', 'XOR')",1961
"('SETZ', 'NEG')",50
"('JNZ', 'FNCLEX')",252
"('FNCLEX', 'POP')",252
"('MUL', 'RET_NEAR')",327
"('PUSH', 'MUL')",248
"('POP', 'NOT')",5254
"('JLE', 'DEC')",501
"('INC', 'JNZ')",257
"('CALL_NEAR', 'NOT')",248
"('JB', 'CALL_NEAR')",484
"('SETNZ', 'CALL_NEAR')",356
"('CMPXCHG_LOCK', 'MOV')",1263
"('NOT', 'XOR')",4336
"('RET_NEAR', 'SHL')",250
"('SETZ', 'JMP')",412
"('JZ', 'JBE')",578
"('JMP', 'NEG')",2828
"('OR', 'JL')",252
"('JL', 'LEAVE')",248
"('JMP', 'CDQ')",79
"('JNLE', 'JL')",252
"('TEST', 'JNB')",248
"('REP_MOVSD', 'XOR')",252
"('SHR', 'POP')",548
"('POP', 'CMPXCHG_LOCK')",493
"('SAR', 'DEC')",248
"('BSF', 'MOV')",248
"('POP', 'JB')",547
"('XADD_LOCK', 'RET_NEAR')",248
"('JNS', 'TEST')",411
"('JNS', 'OR')",527
"('JNZ', 'JNZ')",85
"('JNLE', 'JZ')",168
"('NEG', 'RET_NEAR')",406
"('LEA', 'MUL')",248
"('LEA', 'REP_MOVSD')",575
"('JBE', 'POP')",401
"('JNZ', 'NOP')",472
"('IMUL', 'IMUL')",248
"('JNB', 'IMUL')",1240
"('SETNZ', 'AND')",327
"('PUSH', 'CDQ')",654
"('CMPXCHG8B_LOCK', 'POP')",248
"('MOVSW', 'LEA')",248
"('REPE_CMPSB', 'TEST')",79
"('JNLE', 'XOR')",250
"('ADC', 'CMP')",328
"('CALL_NEAR', 'JZ')",169
"('MOVSD', 'LEA')",381
"('JMP', 'FLD')",79
"('FLD', 'CALL_NEAR')",237
"('SUB', 'FST')",158
"('FST', 'CALL_NEAR')",158
"('PUSH', 'FWAIT')",158
"('FWAIT', 'FNSTCW')",158
"('FNSTCW', 'JZ')",158
"('JZ', 'FLDCW')",79
"('FLDCW', 'FCOS')",79
"('FCOS', 'FWAIT')",158
"('FWAIT', 'FNSTSW')",237
"('FNSTSW', 'SAHF')",158
"('SAHF', 'JP')",158
"('JP', 'FCOS')",79
"('JP', 'CMP')",82
"('JZ', 'FWAIT')",79
"('FNSTSW', 'AND')",79
"('RET_NEAR', 'FSTP')",158
"('FSTP', 'RET_NEAR')",237
"('MOVSD', 'POP')",1027
"('RET_NEAR', 'FLD')",158
"('JNZ', 'FLD1')",79
"('FLD1', 'FPATAN')",79
"('FPATAN', 'CMP')",79
"('CALL_NEAR', 'FSTP')",79
"('REP_STOSD', 'CALL_NEAR')",395
"('MOV', 'SETNZ')",216
"('PUSH', 'NOT')",3047
"('DIV', 'POP')",108
"('STOSD', 'LEA')",79
"('MOV', 'SBB')",177
"('INC', 'CMPXCHG8B_LOCK')",79
"('CMPXCHG8B_LOCK', 'JNZ')",79
"('JLE', 'TEST')",137
"('DEC', 'LEA')",158
"('SETNL', 'LEAVE')",245
"('INC', 'SUB')",4972
"('SUB', 'NOP')",268
"('NOP', 'LEA')",195
"('STOSD', 'JNZ')",90
"('JL', 'SHR')",79
"('REP_STOSD', 'PUSH')",246
"('IMUL', 'SHL')",79
"('PUSH', 'MOVSD')",792
"('MOVSD', 'CALL_NEAR')",555
"('JB', 'JBE')",87
"('JL', 'IMUL')",79
"('CDQ', 'POP')",79
"('IDIV', 'MOV')",79
"('AND', 'XCHG')",330
"('ADC', 'JMP')",94
"('OR', 'SHR')",1521
"('JLE', 'CALL_NEAR')",159
"('AND', 'RET_NEAR')",593
"('SETNZ', 'POP')",79
"('JBE', 'CALL_NEAR')",83
"('SETZ', 'LEAVE')",79
"('REP_MOVSD', 'MOVSW')",79
"('MOVSW', 'MOV')",163
"('PUSH', 'MOVSW')",79
"('MOVSW', 'CALL_NEAR')",79
"('RET_NEAR', 'IMUL')",79
"('DEC', 'ADD')",3568
"('JNB', 'REP_MOVSD')",79
"('MOVSX', 'DEC')",79
"('ADD', 'MOVSX')",94
"('SUB', 'MOVSX')",88
"('SBB', 'TEST')",93
"('JNS', 'LEA')",247
"('SETNZ', 'SHL')",158
"('SETZ', 'POP')",108
"('LEA', 'NEG')",107
"('SETO', 'NEG')",84
"('SETNL', 'JMP')",76
"('JS', 'SUB')",164
"('ADD', 'BTR_LOCK')",248
"('BTR_LOCK', 'CMP')",248
"('XADD_LOCK', 'JMP')",248
"('MOV', 'PUSHAD')",1485
"('PUSHAD', 'CALL_NEAR')",903
"('SUB', 'PUSHAD')",542
"('MOV', 'POPAD')",2307
"('POPAD', 'MOV')",1483
"('MOV', 'ROL')",729
"('ROL', 'MOV')",729
"('MOV', 'RCL')",1344
"('RCL', 'MOV')",729
"('RCL', 'DEC')",729
"('JNZ', 'RCL')",252
"('JNZ', 'POPAD')",295
"('POPAD', 'LEAVE')",243
"('JNLE', 'SUB')",8
"('SUB', 'JL')",9
"('AND', 'SBB')",16
"('XCHG', 'POP')",45549
"('ADD', 'PUSHAD')",530
"('PUSHAD', 'MOV')",2538
"('MOV', 'CLC')",276
"('CLC', 'MOV')",271
"('LEA', 'MOVSX')",8
"('MOV', 'CMC')",300
"('CMC', 'MOV')",286
"('POPAD', 'CALL_NEAR')",294
"('MOV', 'STI')",1778
"('STI', 'PUSHAD')",486
"('JMP', 'CLD')",273
"('CLD', 'MOV')",516
"('CALL_NEAR', 'PUSHAD')",575
"('SUB', 'XCHG')",13977
"('XCHG', 'JMP')",7687
"('NOT', 'SHR')",1545
"('XOR', 'NOT')",2018
"('NOT', 'SUB')",4168
"('OR', 'NEG')",1165
"('POP', 'SHR')",5632
"('NEG', 'SHL')",1436
"('NOT', 'INC')",2640
"('POP', 'STI')",582
"('STI', 'PUSH')",2724
"('NEG', 'SHR')",1464
"('NOT', 'PUSH')",4930
"('DEC', 'SHR')",1476
"('DEC', 'SHL')",1522
"('SHL', 'JMP')",3734
"('JMP', 'XCHG')",7642
"('JMP', 'STI')",2822
"('NEG', 'NOT')",1189
"('NOT', 'JMP')",3879
"('NOT', 'XCHG')",5289
"('XCHG', 'XCHG')",1257
"('XCHG', 'OR')",270
"('NEG', 'XCHG')",734
"('XCHG', 'NOT')",5292
"('SUB', 'SHL')",4509
"('NOT', 'POP')",2975
"('INC', 'NOT')",1237
"('SUB', 'NOT')",1733
"('SHL', 'XOR')",7325
"('NEG', 'SUB')",3832
"('PUSH', 'XCHG')",611
"('PUSHAD', 'JNZ')",49
"('OR', 'POPAD')",190
"('POPAD', 'LEA')",246
"('LEA', 'STC')",64
"('STC', 'MOV')",309
"('LEA', 'PUSHAD')",232
"('XOR', 'POPAD')",171
"('CALL_NEAR', 'JB')",10
"('POP', 'MOVSX')",15
"('MOVSX', 'POPAD')",83
"('POPAD', 'NOP')",97
"('NOP', 'JNP')",7
"('JNP', 'JNBE')",4
"('JMP', 'NOP')",122
"('NOP', 'SUB')",20
"('SUB', 'STC')",18
"('STC', 'PUSH')",33
"('CMC', 'CLD')",9
"('CLD', 'ADD')",152
"('ADD', 'JNO')",39
"('JNO', 'LODSW')",5
"('LODSW', 'MOV')",100
"('PUSHAD', 'SBB')",70
"('POP', 'POPAD')",1216
"('PUSH', 'JNO')",63
"('JNO', 'POP')",54
"('PUSH', 'PUSHAD')",931
"('PUSHAD', 'PUSH')",998
"('POP', 'PUSHAD')",828
"('PUSHAD', 'POPAD')",2150
"('POPAD', 'POPAD')",670
"('POPAD', 'POP')",1046
"('NOP', 'PUSHAD')",86
"('PUSHAD', 'AND')",81
"('PUSHAD', 'ADD')",183
"('POPAD', 'STC')",37
"('STC', 'ADD')",129
"('PUSHAD', 'XOR')",193
"('POPAD', 'INC')",110
"('MOV', 'JNP')",80
"('JNP', 'POP')",59
"('POP', 'JO')",47
"('JO', 'PUSHAD')",82
"('PUSHAD', 'JL')",43
"('POPAD', 'ADD')",570
"('ADD', 'JLE')",52
"('CALL_NEAR', 'JNS')",8
"('JNS', 'POP')",65
"('PUSHAD', 'MOVZX')",90
"('MOVZX', 'JNB')",2
"('JNB', 'POPAD')",46
"('POPAD', 'LODSD')",197
"('LODSD', 'PUSHAD')",184
"('PUSHAD', 'JMP')",806
"('JMP', 'STOSD')",132
"('JMP', 'LODSD')",177
"('LODSD', 'MOV')",163
"('CLC', 'ADD')",153
"('ADD', 'CMC')",122
"('CMC', 'JNS')",3
"('PUSHAD', 'SUB')",221
"('SUB', 'POPAD')",255
"('ADD', 'LODSD')",56
"('LODSD', 'JLE')",12
"('JLE', 'STC')",8
"('STC', 'JMP')",45
"('ADD', 'STC')",140
"('STC', 'STOSD')",41
"('STOSD', 'SUB')",53
"('CMC', 'DEC')",13
"('PUSH', 'LODSD')",243
"('LODSD', 'ADD')",268
"('XOR', 'SCASB')",243
"('SCASB', 'JNZ')",972
"('JNZ', 'SCASB')",486
"('PUSH', 'CLD')",268
"('CLD', 'XOR')",294
"('XOR', 'LODSB')",498
"('LODSB', 'XOR')",492
"('SHR', 'RCR')",729
"('RCR', 'JNB')",729
"('JNB', 'NOT')",243
"('NOT', 'NOT')",1507
"('POPAD', 'XOR')",187
"('XCHG', 'PUSHAD')",116
"('PUSHAD', 'ADC')",64
"('POPAD', 'LODSW')",93
"('SHL', 'JS')",3
"('JS', 'JNLE')",3
"('JNLE', 'ADD')",28
"('POPAD', 'JMP')",494
"('LODSD', 'CLC')",40
"('POPAD', 'JNZ')",30
"('STC', 'CMP')",16
"('MOV', 'CLD')",293
"('CLD', 'XCHG')",26
"('XCHG', 'CMC')",33
"('CMC', 'LODSB')",15
"('LODSB', 'JMP')",53
"('RCL', 'JNB')",511
"('PUSHAD', 'JLE')",56
"('JMP', 'POPAD')",828
"('POPAD', 'RCL')",125
"('ADD', 'POPAD')",183
"('POPAD', 'CLC')",42
"('CLC', 'RET_NEAR')",14
"('NEG', 'JMP')",2665
"('NOT', 'ADD')",3760
"('XCHG', 'SHR')",415
"('DEC', 'XOR')",3423
"('AND', 'NOT')",1186
"('XCHG', 'XOR')",930
"('XCHG', 'DEC')",878
"('POP', 'NEG')",3516
"('NEG', 'XOR')",3401
"('NOT', 'OR')",1185
"('NOT', 'DEC')",1370
"('NEG', 'INC')",1167
"('RET_NEAR', 'PUSHAD')",396
"('POP', 'RDTSC')",819
"('RDTSC', 'JMP')",374
"('POPAD', 'PUSHFD')",458
"('PUSHFD', 'SUB')",1887
"('SHR', 'XCHG')",346
"('XCHG', 'INC')",974
"('SHL', 'NEG')",1427
"('NOT', 'NEG')",1218
"('JMP', 'JLE')",35
"('POPAD', 'PUSH')",930
"('SHL', 'XCHG')",400
"('XCHG', 'PUSH')",2550
"('XOR', 'XCHG')",561
"('XOR', 'NEG')",1431
"('DEC', 'XCHG')",1031
"('XCHG', 'ADD')",1008
"('INC', 'NEG')",1228
"('CMPXCHG_LOCK', 'JZ')",272
"('OR', 'NOT')",1232
"('JBE', 'OR')",1284
"('MOVZX', 'OR')",7258
"('CMP', 'SUB')",587
"('CMP', 'ADD')",1435
"('XOR', 'PUSHFD')",2140
"('CMP', 'AND')",588
"('ADD', 'PUSHFD')",3194
"('PUSHFD', 'ADD')",2342
"('SUB', 'PUSHFD')",1958
"('PUSHFD', 'MOV')",2859
"('PUSHFD', 'OR')",1592
"('SHR', 'NEG')",1497
"('INC', 'XCHG')",883
"('CMP', 'OR')",579
"('AND', 'PUSHFD')",1814
"('PUSHFD', 'AND')",1719
"('CMP', 'CMP')",153
"('POP', 'POPFD')",1603
"('POPFD', 'RET_NEAR')",1372
"('JMP', 'RDTSC')",452
"('RDTSC', 'PUSHAD')",451
"('PUSH', 'JNP')",80
"('JNP', 'RDTSC')",32
"('JMP', 'PUSHAD')",566
"('POP', 'PUSHFD')",825
"('PUSHFD', 'PUSH')",1628
"('JMP', 'PUSHFD')",420
"('PUSHFD', 'XOR')",1758
"('OR', 'PUSHFD')",2038
"('TEST', 'PUSHFD')",615
"('SUB', 'RET_NEAR')",464
"('RET_NEAR', 'JL')",23
"('POPAD', 'PUSHAD')",466
"('POPAD', 'RDTSC')",406
"('RDTSC', 'PUSH')",813
"('JZ', 'PUSHFD')",13
"('CMP', 'PUSHFD')",243
"('XCHG', 'SHL')",352
"('CMP', 'XOR')",629
"('JO', 'PUSH')",89
"('PUSH', 'JNBE')",53
"('JNBE', 'PUSHAD')",40
"('PUSHAD', 'JP')",65
"('JP', 'PUSH')",80
"('JLE', 'JNS')",6
"('JNS', 'PUSH')",77
"('PUSH', 'RDTSC')",1993
"('RDTSC', 'POP')",1993
"('POPFD', 'MOV')",54
"('SUB', 'CALL_NEAR')",380
"('PUSH', 'JL')",77
"('XCHG', 'NEG')",789
"('STI', 'SUB')",720
"('ADD', 'STI')",58
"('STI', 'JMP')",1040
"('SUB', 'RCL')",62
"('RCL', 'JB')",247
"('MOV', 'SCASB')",243
"('MOV', 'IN')",314
"('IN', 'POP')",314
"('AND', 'CLD')",8
"('JNZ', 'JBE')",8
"('JBE', 'ADC')",2
"('MOV', 'STC')",300
"('JNP', 'MOV')",63
"('JMP', 'ADC')",5
"('MOVSX', 'TEST')",47
"('XCHG', 'AND')",235
"('PUSHAD', 'JNO')",59
"('JNO', 'ADD')",50
"('MOV', 'JP')",85
"('JP', 'CLC')",4
"('CLC', 'LEA')",57
"('POP', 'JNB')",84
"('JNB', 'PUSHAD')",69
"('PUSHAD', 'PUSHAD')",648
"('XOR', 'JNL')",8
"('XOR', 'LODSW')",25
"('PUSHAD', 'STC')",58
"('NOP', 'JNZ')",5
"('NOP', 'JB')",7
"('AND', 'POPAD')",107
"('ADC', 'ADC')",2
"('ADC', 'POPAD')",73
"('LODSD', 'JMP')",193
"('POPAD', 'STOSD')",153
"('MOV', 'LODSD')",186
"('LODSD', 'JB')",14
"('CLD', 'STOSD')",26
"('JNP', 'CMC')",4
"('JB', 'PUSHAD')",84
"('CLC', 'SHL')",31
"('SHL', 'PUSHAD')",75
"('JMP', 'LODSW')",89
"('LODSW', 'PUSHAD')",81
"('POPAD', 'SHL')",94
"('SHL', 'CLC')",31
"('JNL', 'POPAD')",55
"('POPAD', 'XCHG')",113
"('ADD', 'JO')",28
"('JO', 'JNB')",3
"('LODSB', 'PUSHAD')",39
"('INC', 'PUSHAD')",85
"('CALL_NEAR', 'JBE')",10
"('POPAD', 'JLE')",33
"('JLE', 'JZ')",7
"('JZ', 'CMC')",13
"('CMC', 'RCL')",33
"('JMP', 'RCL')",144
"('ADD', 'CLC')",117
"('CLC', 'POPAD')",58
"('PUSHAD', 'OR')",173
"('POP', 'JNP')",70
"('JNP', 'PUSHAD')",67
"('PUSHAD', 'JNBE')",58
"('OR', 'XCHG')",258
"('POPAD', 'JNS')",34
"('POPAD', 'JBE')",31
"('POPFD', 'JMP')",32
"('ADD', 'JNS')",31
"('JNS', 'PUSHFD')",29
"('POPFD', 'PUSH')",65
"('POP', 'JLE')",47
"('POPAD', 'JZ')",27
"('JZ', 'RDTSC')",28
"('RDTSC', 'JS')",26
"('JNBE', 'RDTSC')",27
"('JLE', 'POPAD')",34
"('SHL', 'PUSHFD')",206
"('PUSHFD', 'JMP')",206
"('MOV', 'SETL')",112
"('SETL', 'INC')",112
"('POP', 'REP_STOSD')",88
"('REP_STOSD', 'AND')",88
"('MOVZX', 'ADC')",5
"('CALL_NEAR', 'SBB')",16
"('POPAD', 'AND')",29
"('JNZ', 'JZ')",3
"('MOV', 'JNO')",80
"('JNO', 'JMP')",27
"('LEA', 'JNB')",18
"('LEA', 'JB')",64
"('JB', 'JO')",2
"('JO', 'JNS')",6
"('JNS', 'JS')",5
"('JS', 'PUSHAD')",54
"('STC', 'CMC')",10
"('CMC', 'NOP')",13
"('NOP', 'JMP')",97
"('PUSH', 'JLE')",54
"('XOR', 'CMC')",40
"('CMC', 'JO')",3
"('JO', 'MOV')",78
"('XOR', 'CLC')",34
"('ADD', 'JL')",39
"('JL', 'PUSHAD')",75
"('ADD', 'JNLE')",24
"('PUSH', 'JNLE')",65
"('JNLE', 'NOP')",3
"('JNO', 'INC')",7
"('INC', 'JLE')",5
"('ADD', 'JNL')",33
"('JNO', 'LEA')",18
"('XOR', 'LODSD')",44
"('LODSD', 'JP')",12
"('JP', 'ADD')",23
"('CLC', 'SUB')",18
"('CMC', 'STOSD')",33
"('STOSD', 'CMC')",35
"('CMC', 'LEA')",55
"('STOSD', 'JNS')",9
"('POPAD', 'DEC')",45
"('SHL', 'JNZ')",6
"('JNZ', 'JNBE')",3
"('ADD', 'JP')",26
"('JP', 'JBE')",4
"('MOV', 'LODSW')",103
"('LODSW', 'JL')",10
"('JL', 'CLD')",6
"('CLD', 'SHL')",26
"('SHL', 'STC')",19
"('CMC', 'LODSD')",55
"('PUSHAD', 'JNLE')",48
"('JNLE', 'JMP')",53
"('CLC', 'XOR')",37
"('SUB', 'LODSB')",24
"('LODSB', 'JNS')",1
"('XOR', 'JL')",11
"('MOV', 'JO')",93
"('JO', 'CMC')",9
"('CMC', 'POPAD')",69
"('JZ', 'PUSHAD')",75
"('JMP', 'JNO')",38
"('PUSH', 'JNL')",58
"('JNL', 'PUSHAD')",43
"('PUSHFD', 'MOVZX')",106
"('JBE', 'PUSHFD')",22
"('RET_NEAR', 'JNZ')",22
"('JNZ', 'JNS')",3
"('PUSH', 'JB')",69
"('RET_NEAR', 'JNO')",23
"('JNO', 'PUSHFD')",25
"('RDTSC', 'JZ')",30
"('POP', 'JNS')",48
"('JNS', 'RDTSC')",23
"('JMP', 'JNBE')",36
"('JBE', 'JLE')",9
"('JLE', 'JS')",9
"('POPAD', 'JNL')",29
"('CALL_NEAR', 'CLC')",25
"('CLC', 'RCL')",26
"('JB', 'POPAD')",36
"('CLC', 'INC')",22
"('CALL_NEAR', 'IMUL')",84
"('ADD', 'MOVSW')",84
"('REPNE_SCASW', 'MOV')",230
"('JNZ', 'CDQ')",169
"('REPNE_SCASW', 'LEA')",169
"('REP_STOSD', 'XOR')",164
"('REPNE_SCASW', 'CMP')",55
"('SETNZ', 'XOR')",84
"('AND', 'CLC')",10
"('CLC', 'JMP')",37
"('CLD', 'POP')",44
"('CALL_NEAR', 'CLD')",25
"('LEA', 'JNLE')",12
"('LEA', 'CLC')",59
"('CLC', 'OR')",6
"('JNO', 'POPAD')",54
"('ADD', 'NOP')",12
"('STC', 'XOR')",45
"('LODSW', 'JNB')",6
"('STC', 'SUB')",20
"('RDTSC', 'JNLE')",23
"('NOP', 'CLC')",10
"('POP', 'CLC')",33
"('JLE', 'JNLE')",5
"('CMC', 'ADD')",130
"('JBE', 'CLC')",11
"('LODSD', 'STC')",43
"('STC', 'CLD')",12
"('STOSD', 'PUSHAD')",113
"('POPAD', 'JNLE')",35
"('ADD', 'STOSD')",25
"('ADD', 'CLD')",120
"('CLD', 'DEC')",14
"('JNB', 'STC')",10
"('XOR', 'PUSHAD')",156
"('LODSW', 'CLD')",27
"('XCHG', 'JNO')",11
"('JNO', 'LODSD')",14
"('POPAD', 'CLD')",37
"('CLD', 'CMP')",11
"('JNO', 'MOV')",92
"('MOV', 'LODSB')",36
"('LODSB', 'JS')",2
"('XOR', 'JS')",13
"('STC', 'INC')",25
"('JNLE', 'JBE')",3
"('JMP', 'JNS')",46
"('JNO', 'LODSB')",2
"('JS', 'JNL')",3
"('JNL', 'PUSHFD')",24
"('JZ', 'JNP')",3
"('POPFD', 'PUSHAD')",41
"('PUSH', 'JO')",72
"('JO', 'RDTSC')",20
"('RDTSC', 'JNP')",27
"('POP', 'JS')",61
"('RDTSC', 'JO')",32
"('JO', 'JMP')",97
"('RET_NEAR', 'JO')",24
"('JBE', 'JBE')",5
"('JBE', 'RDTSC')",25
"('RDTSC', 'JNL')",20
"('XOR', 'RCL')",32
"('OR', 'PUSHAD')",30
"('LEA', 'CLD')",43
"('JNLE', 'JNS')",4
"('JNS', 'MOVZX')",1
"('CLD', 'LEA')",64
"('LEA', 'JO')",20
"('POPAD', 'JNP')",29
"('JMP', 'JO')",36
"('NOP', 'JZ')",8
"('CLD', 'PUSH')",18
"('JMP', 'STC')",32
"('LODSW', 'JNBE')",3
"('POP', 'JP')",39
"('JP', 'POPAD')",39
"('INC', 'CLC')",17
"('LODSD', 'SUB')",60
"('JMP', 'CLC')",26
"('POP', 'CMC')",31
"('JLE', 'SHL')",4
"('ADD', 'LODSW')",15
"('XCHG', 'CLD')",30
"('CLD', 'LODSD')",33
"('POPAD', 'LODSB')",56
"('LODSB', 'JZ')",3
"('SUB', 'CMC')",12
"('JL', 'JNP')",9
"('JNZ', 'RDTSC')",24
"('JMP', 'JB')",38
"('JMP', 'JNP')",41
"('RDTSC', 'JL')",22
"('JMP', 'JS')",31
"('JS', 'JS')",5
"('JS', 'JMP')",78
"('JNZ', 'STI')",108
"('STI', 'XOR')",140
"('REP_MOVSD', 'PUSH')",17
"('CALL_NEAR', 'REP_STOSB')",46
"('SBB', 'SUB')",11
"('JNLE', 'PUSHAD')",43
"('LEA', 'ADC')",35
"('LEA', 'JBE')",20
"('JP', 'JMP')",57
"('LODSW', 'ADD')",23
"('NOP', 'JNBE')",5
"('PUSHAD', 'JNP')",49
"('JNP', 'JNO')",5
"('JNO', 'PUSHAD')",44
"('JS', 'POPAD')",33
"('CMC', 'POP')",33
"('LODSD', 'JL')",12
"('LODSD', 'OR')",36
"('STOSD', 'JBE')",11
"('SUB', 'LODSD')",65
"('JS', 'SHL')",3
"('SHL', 'CMC')",21
"('CMC', 'PUSHAD')",26
"('SUB', 'LODSW')",50
"('XCHG', 'JZ')",6
"('SUB', 'JS')",4
"('JS', 'CMC')",8
"('JMP', 'LODSB')",42
"('STC', 'RCL')",31
"('RET_NEAR', 'CLD')",16
"('POPAD', 'OR')",35
"('JLE', 'JLE')",4
"('JNZ', 'JB')",7
"('POP', 'MOVZX')",113
"('JBE', 'PUSHAD')",60
"('POP', 'JNL')",59
"('JNL', 'RDTSC')",23
"('POPAD', 'JNO')",33
"('JNO', 'PUSH')",46
"('RET_NEAR', 'JNB')",19
"('POPAD', 'JNBE')",28
"('PUSHAD', 'JBE')",51
"('JNLE', 'POPAD')",38
"('CLD', 'RCL')",35
"('SBB', 'XOR')",5
"('SUB', 'JNS')",4
"('CALL_NEAR', 'ADC')",8
"('ADC', 'POP')",23
"('SBB', 'POPAD')",69
"('ADC', 'CLD')",1
"('CLD', 'POPAD')",46
"('LODSW', 'CLC')",21
"('OR', 'NOP')",11
"('JLE', 'NOP')",32
"('PUSHAD', 'CLC')",38
"('JNO', 'JNP')",1
"('JNP', 'JNZ')",6
"('JNZ', 'LODSD')",7
"('STOSD', 'JB')",9
"('CALL_NEAR', 'JLE')",4
"('SUB', 'JBE')",3
"('JBE', 'CMC')",12
"('JNS', 'JLE')",2
"('SHL', 'JNLE')",7
"('JO', 'JNL')",10
"('LODSB', 'JNO')",7
"('XOR', 'STC')",42
"('POPAD', 'SUB')",108
"('STI', 'MOV')",130
"('JO', 'JO')",3
"('JO', 'POP')",34
"('RDTSC', 'JB')",25
"('RDTSC', 'JNBE')",32
"('PUSHAD', 'JNB')",51
"('JNB', 'JNB')",8
"('JP', 'PUSHAD')",48
"('JNZ', 'JNB')",3
"('JNB', 'PUSHFD')",26
"('CALL_NEAR', 'STC')",28
"('JB', 'JP')",6
"('AND', 'CMC')",9
"('CMC', 'TEST')",9
"('MOVZX', 'PUSHAD')",4
"('POPAD', 'TEST')",30
"('NOP', 'JNL')",6
"('JMP', 'JNLE')",27
"('PUSHAD', 'JB')",56
"('STC', 'POP')",35
"('JZ', 'CLC')",8
"('POPAD', 'MOVSX')",7
"('STC', 'LODSD')",42
"('LODSD', 'JNZ')",10
"('SUB', 'STOSD')",72
"('STOSD', 'JO')",6
"('JO', 'OR')",9
"('SHL', 'CLD')",21
"('XCHG', 'JNLE')",6
"('JNLE', 'CLC')",5
"('CLC', 'LODSB')",11
"('LODSB', 'ADD')",12
"('JNB', 'CLD')",12
"('JNBE', 'POPAD')",35
"('POPAD', 'RET_NEAR')",45
"('RET_NEAR', 'JNP')",25
"('JL', 'JBE')",3
"('JBE', 'JNZ')",2
"('JNZ', 'JO')",8
"('POPAD', 'JL')",31
"('RDTSC', 'JBE')",20
"('JMP', 'JL')",31
"('JL', 'POPAD')",23
"('JMP', 'JNL')",54
"('JNZ', 'PUSHFD')",18
"('POPAD', 'JO')",33
"('POPAD', 'JB')",35
"('JLE', 'ADD')",68
"('AND', 'JB')",7
"('LEA', 'JNO')",19
"('CLC', 'PUSH')",29
"('JO', 'ADD')",12
"('ADC', 'CALL_NEAR')",5
"('ADD', 'JBE')",28
"('JNP', 'PUSH')",82
"('POP', 'STC')",25
"('STC', 'JNZ')",3
"('PUSHAD', 'CMC')",57
"('CMC', 'PUSH')",18
"('LODSD', 'JS')",15
"('JS', 'JZ')",3
"('JZ', 'JZ')",5
"('ADD', 'JNBE')",33
"('JNBE', 'JL')",5
"('JP', 'MOV')",89
"('STOSD', 'CLC')",32
"('JLE', 'CLD')",10
"('JLE', 'PUSHAD')",58
"('CMC', 'XCHG')",36
"('LODSW', 'OR')",9
"('JO', 'STC')",9
"('MOVZX', 'POPAD')",99
"('POPAD', 'CMP')",47
"('ADD', 'LODSB')",15
"('JNP', 'RCL')",7
"('POPAD', 'JP')",27
"('RET_NEAR', 'CLC')",18
"('JNB', 'RET_NEAR')",2
"('JNLE', 'JO')",3
"('JO', 'JBE')",4
"('JBE', 'JS')",8
"('JMP', 'JP')",40
"('JP', 'JNS')",4
"('JNS', 'PUSHAD')",36
"('RET_NEAR', 'JS')",22
"('JS', 'PUSHFD')",2
"('JNBE', 'STOSD')",7
"('ADD', 'RCL')",38
"('STI', 'ADD')",108
"('POP', 'ADC')",18
"('ADC', 'SUB')",16
"('JNP', 'JNLE')",5
"('JLE', 'SBB')",1
"('CLC', 'CALL_NEAR')",8
"('JNL', 'LODSW')",5
"('LODSW', 'CMC')",16
"('JNL', 'NOP')",4
"('POP', 'CLD')",20
"('JP', 'CLD')",5
"('CLD', 'CMC')",5
"('JB', 'STC')",13
"('STOSD', 'JNBE')",8
"('JNBE', 'STC')",5
"('STC', 'LEA')",60
"('JBE', 'LODSD')",3
"('JNO', 'JP')",7
"('CLD', 'CLD')",5
"('XCHG', 'STC')",30
"('STC', 'LODSW')",20
"('JL', 'LODSD')",3
"('CMC', 'CMP')",10
"('JNB', 'JB')",8
"('JB', 'RCL')",12
"('CLC', 'JNZ')",1
"('PUSHAD', 'JO')",54
"('JNBE', 'PUSHFD')",21
"('JZ', 'POPAD')",33
"('JB', 'RDTSC')",19
"('RDTSC', 'JNO')",31
"('XOR', 'JP')",11
"('JB', 'RET_NEAR')",5
"('JO', 'JLE')",7
"('PUSHAD', 'CLD')",49
"('CLC', 'LODSW')",22
"('RDTSC', 'JLE')",18
"('INC', 'STC')",31
"('OR', 'STOSD')",24
"('JNS', 'JL')",3
"('PUSHAD', 'MOVSX')",93
"('LODSW', 'SUB')",27
"('LODSD', 'CLD')",40
"('CLD', 'PUSHAD')",23
"('JNP', 'XCHG')",3
"('XOR', 'JNBE')",14
"('JNB', 'JNZ')",1
"('JNZ', 'PUSHAD')",57
"('MOVSX', 'OR')",7
"('JLE', 'RET_NEAR')",3
"('JLE', 'JNP')",7
"('JNO', 'RDTSC')",29
"('CALL_NEAR', 'JNB')",10
"('CMC', 'JMP')",27
"('XOR', 'CLD')",39
"('PUSHAD', 'JNL')",55
"('JNL', 'CLD')",5
"('XOR', 'JZ')",16
"('XOR', 'NOP')",10
"('POPAD', 'JS')",36
"('NOP', 'ADD')",11
"('JBE', 'JO')",6
"('JO', 'JZ')",9
"('JNLE', 'LODSD')",7
"('JNL', 'STOSD')",9
"('SHL', 'JZ')",5
"('PUSH', 'JNB')",94
"('POPAD', 'CMC')",34
"('CMC', 'SHL')",25
"('STC', 'LODSB')",11
"('LODSB', 'SUB')",15
"('JO', 'CLD')",6
"('RDTSC', 'JNS')",29
"('JNS', 'JNS')",3
"('JNP', 'SUB')",9
"('PUSHFD', 'CMP')",55
"('PUSH', 'JP')",79
"('JNP', 'JMP')",64
"('JNO', 'JZ')",3
"('JNZ', 'JNL')",4
"('JNL', 'JBE')",2
"('LEA', 'JLE')",14
"('SUB', 'JNP')",5
"('JNP', 'POPAD')",35
"('STC', 'CALL_NEAR')",13
"('OR', 'JNO')",3
"('JNP', 'CLC')",5
"('CLC', 'POP')",23
"('JNS', 'ADD')",29
"('XCHG', 'JNP')",11
"('LODSW', 'JNZ')",6
"('PUSHAD', 'JNS')",49
"('JNS', 'CALL_NEAR')",4
"('JS', 'JP')",6
"('JP', 'JNP')",1
"('PUSHAD', 'JZ')",43
"('JP', 'POP')",59
"('RDTSC', 'JNB')",26
"('CALL_NEAR', 'CMC')",33
"('MOV', 'BTS')",29
"('BTS', 'MOV')",29
"('CALL_NEAR', 'SHL')",29
"('JZ', 'PAUSE')",58
"('PAUSE', 'DEC')",58
"('CALL_NEAR', 'PAUSE')",29
"('MOV', 'MOVQ')",87
"('MOVQ', 'MOV')",58
"('MOVQ', 'RET_NEAR')",29
"('NOP', 'DEC')",29
"('LEA', 'CMOVNZ')",29
"('CMOVNZ', 'MOV')",116
"('NEG', 'ADC')",29
"('ADC', 'NEG')",58
"('TEST', 'CMOVZ')",29
"('CMOVZ', 'CMP')",29
"('CMP', 'JS')",29
"('JS', 'DEC')",30
"('JS', 'XOR')",37
"('JNZ', 'CMPXCHG_LOCK')",29
"('PAUSE', 'JMP')",29
"('CMP', 'XORPS')",58
"('XORPS', 'MOVLPD')",29
"('MOVLPD', 'JZ')",29
"('TEST', 'CMOVNZ')",58
"('CMOVNZ', 'CMP')",29
"('TEST', 'SUB')",29
"('SBB', 'SHR')",58
"('MOV', 'CMOVB')",29
"('CMOVB', 'INC')",29
"('PUSH', 'CMOVZ')",29
"('CMOVZ', 'LEA')",29
"('PUSH', 'CMOVNBE')",29
"('CMOVNBE', 'MOV')",29
"('SETNZ', 'TEST')",29
"('MUL', 'NEG')",29
"('JS', 'ADD')",47
"('JZ', 'MOVQ')",29
"('MOVQ', 'LEA')",29
"('SETNZ', 'SFENCE')",29
"('SFENCE', 'RET_NEAR')",29
"('CMP', 'CMOVB')",145
"('CMOVB', 'ADD')",58
"('CMOVB', 'LEA')",29
"('MOV', 'XORPS')",116
"('XORPS', 'PUSH')",58
"('XOR', 'MOVLPD')",29
"('MOVLPD', 'MOV')",29
"('JNBE', 'MOVSX')",107
"('MOV', 'SHLD')",29
"('SHLD', 'CDQ')",29
"('CDQ', 'SHL')",29
"('NOP', 'MOVSX')",29
"('MOVSX', 'RET_NEAR')",29
"('XORPS', 'MOV')",87
"('MOV', 'MOVUPS')",87
"('MOVUPS', 'MOVQ')",29
"('MOVQ', 'JZ')",29
"('SETZ', 'AND')",29
"('CMP', 'CMOVNZ')",58
"('MOV', 'CMOVZ')",58
"('CMOVZ', 'MOV')",58
"('AND', 'CMOVZ')",29
"('CMOVZ', 'XOR')",29
"('CMOVB', 'TEST')",58
"('MOVUPS', 'MOV')",58
"('JB', 'JNZ')",63
"('SETZ', 'TEST')",58
"('MOV', 'CMOVNZ')",29
"('CMOVNZ', 'OR')",29
"('MOV', 'MOVLPD')",29
"('MOVLPD', 'MOVZX')",29
"('SBB', 'RET_NEAR')",29
"('LEA', 'SETNZ')",29
"('AND', 'JNLE')",4
"('JNP', 'ADD')",24
"('JNZ', 'CLC')",7
"('LODSW', 'JP')",5
"('JL', 'JNBE')",7
"('JLE', 'JNL')",6
"('LODSW', 'XOR')",21
"('JP', 'SUB')",10
"('XCHG', 'JNS')",14
"('JNS', 'LODSD')",7
"('JNS', 'LODSB')",6
"('LODSB', 'CMC')",15
"('CMC', 'XOR')",48
"('CMC', 'INC')",23
"('INC', 'JL')",7
"('JL', 'JNO')",5
"('JO', 'POPAD')",21
"('JS', 'RDTSC')",18
"('CALL_NEAR', 'JS')",6
"('RET_NEAR', 'SHR')",7
"('STC', 'POPAD')",45
"('MOVSX', 'ADC')",3
"('AND', 'JNP')",2
"('JNP', 'MOVZX')",6
"('ADD', 'JNP')",29
"('LEA', 'JNL')",11
"('PUSH', 'CMC')",24
"('CMC', 'CALL_NEAR')",12
"('JNBE', 'CMC')",5
"('CMC', 'SUB')",16
"('NOP', 'STC')",8
"('LEA', 'CMC')",48
"('JNS', 'STOSD')",9
"('STOSD', 'STC')",39
"('SUB', 'JP')",9
"('JP', 'STC')",4
"('OR', 'CLC')",10
"('MOVSX', 'XOR')",3
"('XCHG', 'JNL')",8
"('JNL', 'LODSD')",12
"('CLC', 'JP')",3
"('JNB', 'CMC')",11
"('RET_NEAR', 'JZ')",25
"('JO', 'JL')",8
"('JL', 'JS')",6
"('JNO', 'CALL_NEAR')",6
"('JLE', 'PUSHFD')",19
"('POP', 'JNO')",44
"('JNLE', 'RDTSC')",28
"('POPAD', 'ADC')",3
"('CALL_NEAR', 'POPAD')",8
"('XOR', 'JLE')",14
"('JNZ', 'LODSW')",4
"('LODSW', 'STC')",18
"('JNZ', 'CMC')",11
"('JNLE', 'JLE')",4
"('LODSD', 'JNLE')",10
"('STOSD', 'JNO')",11
"('SHL', 'JL')",8
"('JL', 'JNS')",5
"('XCHG', 'JO')",12
"('CMC', 'CMC')",9
"('JNLE', 'XCHG')",3
"('XOR', 'JNP')",15
"('RDTSC', 'JNZ')",26
"('JNS', 'POPAD')",53
"('JNL', 'JNB')",2
"('JZ', 'JB')",3
"('AND', 'STC')",10
"('LEA', 'JNS')",9
"('SBB', 'PUSHAD')",2
"('JLE', 'OR')",7
"('CLD', 'SUB')",8
"('LEA', 'JS')",17
"('LODSD', 'JNO')",18
"('ADD', 'JNB')",36
"('CLC', 'STOSD')",25
"('LODSD', 'JNL')",11
"('JB', 'CMC')",10
"('SBB', 'CALL_NEAR')",3
"('ADD', 'JB')",37
"('XCHG', 'CLC')",32
"('STC', 'RET_NEAR')",6
"('RDTSC', 'JP')",25
"('JP', 'JB')",5
"('JNB', 'JNS')",5
"('JNP', 'JBE')",3
"('JNBE', 'JNP')",8
"('STC', 'JNS')",3
"('JNS', 'RCL')",8
"('STC', 'AND')",13
"('ADC', 'TEST')",17
"('LODSW', 'JNLE')",7
"('JMP', 'CMC')",26
"('INC', 'CLD')",21
"('JB', 'JS')",8
"('JS', 'JNB')",3
"('STOSD', 'CLD')",37
"('CLC', 'LODSD')",46
"('JL', 'CMC')",9
"('JNB', 'CLC')",13
"('CLC', 'CMC')",15
"('RET_NEAR', 'CMC')",8
"('JNP', 'JP')",4
"('POPAD', 'JNB')",29
"('OR', 'ADC')",4
"('STC', 'TEST')",5
"('JNZ', 'JNP')",9
"('LEA', 'JNP')",18
"('CLC', 'PUSHAD')",26
"('JP', 'RDTSC')",25
"('CLD', 'LODSW')",18
"('JB', 'JNL')",5
"('JP', 'OR')",4
"('JNBE', 'DEC')",3
"('MOVZX', 'CALL_NEAR')",11
"('LODSW', 'JMP')",74
"('SHL', 'JNL')",7
"('JNL', 'CMC')",5
"('JNBE', 'JNS')",1
"('JNS', 'XCHG')",5
"('JS', 'RET_NEAR')",2
"('JNLE', 'JNZ')",3
"('SUB', 'JLE')",5
"('STC', 'JNLE')",4
"('JNZ', 'CLD')",6
"('CALL_NEAR', 'JL')",13
"('SBB', 'JNZ')",2
"('JNP', 'XOR')",11
"('CLD', 'CLC')",6
"('NOP', 'JNO')",5
"('OR', 'LODSD')",30
"('SUB', 'JNLE')",11
"('OR', 'LODSW')",21
"('JLE', 'XCHG')",6
"('JP', 'JZ')",2
"('PUSH', 'JNS')",47
"('JNB', 'RDTSC')",23
"('OR', 'STC')",14
"('INC', 'JNBE')",3
"('LODSB', 'MOV')",48
"('JP', 'INC')",2
"('JNB', 'JP')",10
"('CMC', 'RET_NEAR')",8
"('JO', 'CLC')",5
"('RET_NEAR', 'JNBE')",24
"('RET_NEAR', 'JB')",16
"('RET_NEAR', 'JNLE')",16
"('JNLE', 'JNO')",2
"('JNO', 'JLE')",1
"('RET_NEAR', 'JNL')",16
"('AND', 'JNO')",4
"('CLD', 'TEST')",7
"('NOP', 'JO')",2
"('JNO', 'NOP')",9
"('AND', 'PUSHAD')",34
"('JNO', 'XOR')",13
"('CLD', 'JL')",1
"('JNP', 'CLD')",8
"('CLD', 'JNS')",4
"('JNO', 'SHL')",4
"('LODSB', 'STC')",9
"('SUB', 'ADC')",4
"('RET_NEAR', 'STC')",6
"('JL', 'JNL')",5
"('JBE', 'JNL')",4
"('JNO', 'JBE')",3
"('JB', 'JLE')",2
"('JNL', 'JNS')",4
"('JNS', 'JB')",3
"('OR', 'JLE')",4
"('AND', 'JP')",3
"('JP', 'TEST')",2
"('STC', 'NOP')",12
"('MOVZX', 'JNO')",1
"('CLD', 'JNP')",1
"('JNP', 'JB')",5
"('CLD', 'OR')",7
"('STC', 'PUSHAD')",34
"('CLD', 'JBE')",4
"('LODSD', 'JZ')",10
"('LODSD', 'JO')",12
"('SUB', 'JNO')",9
"('JNO', 'DEC')",3
"('XOR', 'JNB')",9
"('JNB', 'XCHG')",6
"('JNS', 'RET_NEAR')",2
"('JZ', 'JNB')",4
"('JNL', 'JL')",3
"('RET_NEAR', 'JP')",15
"('CALL_NEAR', 'JNBE')",11
"('AND', 'JS')",3
"('JS', 'MOVZX')",2
"('NOP', 'JS')",4
"('JS', 'JO')",9
"('JO', 'JP')",4
"('PUSH', 'STC')",26
"('CLD', 'INC')",27
"('SHL', 'JLE')",7
"('CLC', 'XCHG')",31
"('JNS', 'JNZ')",2
"('CALL_NEAR', 'JO')",11
"('JBE', 'RET_NEAR')",1
"('CALL_NEAR', 'LODSB')",7
"('PUSH', 'CLC')",12
"('LODSW', 'JS')",2
"('SUB', 'JNL')",3
"('JNLE', 'STOSD')",1
"('STOSD', 'JNB')",16
"('XOR', 'JBE')",8
"('JBE', 'XCHG')",1
"('JNB', 'SHL')",8
"('LODSD', 'CMC')",37
"('JBE', 'JP')",6
"('JNP', 'JNL')",5
"('JS', 'POP')",39
"('JNZ', 'JL')",7
"('JBE', 'JNB')",4
"('OR', 'RCL')",17
"('ADC', 'PUSHAD')",4
"('SUB', 'CLC')",20
"('CMC', 'JZ')",2
"('SHL', 'JNO')",5
"('CLD', 'JNL')",2
"('JNB', 'LODSB')",3
"('POPFD', 'JNBE')",1
"('ADC', 'JO')",1
"('JNO', 'AND')",6
"('CLC', 'NOP')",6
"('NOP', 'XOR')",7
"('JL', 'STC')",7
"('STC', 'CLC')",6
"('POPAD', 'SBB')",4
"('JS', 'JNO')",2
"('STC', 'SHL')",29
"('CLC', 'CLC')",9
"('PUSHAD', 'JS')",38
"('RET_NEAR', 'JNS')",23
"('JLE', 'RDTSC')",16
"('JBE', 'POPAD')",29
"('JNLE', 'JB')",3
"('JNBE', 'JNL')",5
"('JB', 'JB')",4
"('CMC', 'CLC')",11
"('JLE', 'CLC')",7
"('JS', 'SBB')",2
"('SBB', 'JLE')",3
"('JBE', 'STC')",5
"('SHL', 'JNBE')",7
"('CLD', 'RET_NEAR')",12
"('JP', 'PUSHFD')",20
"('JP', 'JL')",3
"('JL', 'RDTSC')",13
"('CMC', 'ADC')",3
"('NOP', 'JL')",4
"('LEA', 'JNBE')",14
"('JNBE', 'LODSD')",5
"('CMC', 'STC')",5
"('JNLE', 'JNL')",2
"('JNBE', 'XCHG')",2
"('JS', 'OR')",8
"('MOVSX', 'CALL_NEAR')",3
"('JNL', 'JP')",3
"('JO', 'MOVSX')",3
"('JP', 'JNBE')",4
"('MOVZX', 'STC')",1
"('JB', 'CLC')",12
"('CLD', 'MOVSX')",2
"('INC', 'JNP')",3
"('LODSD', 'JNB')",11
"('LODSB', 'OR')",9
"('INC', 'JNLE')",7
"('JNLE', 'RCL')",8
"('CALL_NEAR', 'JNO')",4
"('REPE_CMPSD', 'JZ')",11
"('REPE_CMPSD', 'IMUL')",11
"('JNS', 'SUB')",6
"('CMC', 'AND')",6
"('JNP', 'JNP')",2
"('JNP', 'LEA')",9
"('JZ', 'STC')",8
"('JNL', 'JNO')",4
"('STOSD', 'JNLE')",9
"('CLD', 'JZ')",4
"('LODSB', 'JNB')",1
"('JNB', 'JNO')",8
"('JNO', 'JB')",1
"('JNZ', 'JNLE')",6
"('CALL_NEAR', 'JNL')",8
"('JNL', 'CLC')",2
"('NOP', 'OR')",5
"('JB', 'CLD')",8
"('JB', 'JNO')",5
"('JS', 'ADC')",3
"('LODSD', 'JBE')",15
"('JBE', 'JNS')",5
"('XCHG', 'JLE')",8
"('LODSB', 'CLC')",16
"('XOR', 'JNS')",8
"('JNS', 'INC')",5
"('JNZ', 'NOT')",1
"('JP', 'JNZ')",1
"('RET_NEAR', 'JBE')",16
"('RET_NEAR', 'OUT')",1
"('OUT', 'CMP')",2
"('CMP', 'POPAD')",2
"('PUSH', 'FCOMIP')",44
"('FCOMIP', 'POPAD')",44
"('PUSH', 'OUT')",1
"('XOR', 'MOVSD')",2
"('MOV', 'PUSHFD')",2
"('JL', 'ADC')",6
"('SUB', 'CLD')",15
"('CLD', 'AND')",9
"('ADC', 'LEA')",12
"('JZ', 'JNO')",7
"('JNZ', 'STC')",9
"('JNZ', 'STOSD')",3
"('JNB', 'STOSD')",9
"('LODSB', 'CLD')",11
"('CMC', 'OR')",9
"('JMP', 'JNB')",31
"('RET_NEAR', 'LODSD')",5
"('STC', 'JO')",2
"('JO', 'ADC')",3
"('ADC', 'JZ')",1
"('JB', 'MOVSX')",4
"('CLC', 'TEST')",10
"('LEA', 'SBB')",3
"('NOP', 'CLD')",7
"('JLE', 'JNZ')",3
"('JO', 'CALL_NEAR')",4
"('JNS', 'SHL')",3
"('JNLE', 'JP')",2
"('JO', 'JB')",9
"('JB', 'JNLE')",5
"('SBB', 'STC')",3
"('ADC', 'MOVSX')",3
"('CLC', 'SBB')",1
"('JNLE', 'JNLE')",6
"('XOR', 'JNO')",8
"('JO', 'JNLE')",4
"('JBE', 'MOVSX')",4
"('JS', 'JB')",5
"('CLC', 'JNBE')",2
"('JBE', 'STOSD')",2
"('JNB', 'JLE')",11
"('JNL', 'JB')",7
"('NOP', 'JNB')",2
"('STOSD', 'OR')",21
"('JBE', 'SHL')",5
"('STC', 'XCHG')",24
"('OR', 'LODSB')",8
"('POPFD', 'JNL')",4
"('POPFD', 'JP')",6
"('RET_NEAR', 'JLE')",20
"('STC', 'JS')",1
"('JS', 'CALL_NEAR')",10
"('NOP', 'CMC')",8
"('JNP', 'LODSD')",11
"('CMC', 'JNLE')",4
"('RET_NEAR', 'POPAD')",8
"('AND', 'JBE')",7
"('AND', 'ADC')",17
"('STOSD', 'JLE')",10
"('JLE', 'JNO')",4
"('STOSD', 'JP')",8
"('JP', 'SHL')",5
"('JLE', 'RCL')",3
"('JS', 'JNZ')",4
"('CALL_NEAR', 'XCHG')",11
"('JMP', 'REP_MOVSD')",3
"('MOVSX', 'JMP')",18
"('JP', 'MOVZX')",3
"('LODSD', 'JNS')",10
"('STOSD', 'JNL')",3
"('JP', 'STOSD')",3
"('JNO', 'JNLE')",4
"('JNL', 'JNZ')",2
"('STC', 'JNB')",2
"('JNB', 'SBB')",1
"('NOP', 'JNS')",6
"('LODSW', 'JZ')",11
"('LODSW', 'JNO')",5
"('JZ', 'JO')",6
"('JNP', 'CALL_NEAR')",4
"('CALL_NEAR', 'JP')",10
"('CLD', 'STC')",10
"('JZ', 'JNLE')",5
"('STOSD', 'JS')",9
"('OR', 'CMC')",6
"('LODSD', 'JNBE')",6
"('JNBE', 'JP')",1
"('XCHG', 'JL')",4
"('JNBE', 'RET_NEAR')",2
"('JNZ', 'JP')",3
"('JP', 'JP')",5
"('JP', 'JNL')",5
"('ADC', 'JNLE')",1
"('JNBE', 'JNLE')",3
"('INC', 'JNB')",4
"('JL', 'JL')",1
"('JNL', 'XCHG')",4
"('INC', 'JS')",5
"('ADC', 'MOVZX')",4
"('CLD', 'JS')",3
"('LEA', 'JP')",14
"('ADC', 'OR')",4
"('CMC', 'LODSW')",21
"('JNO', 'CLD')",2
"('CLD', 'LODSB')",9
"('JNB', 'JZ')",5
"('JB', 'PUSHFD')",3
"('JL', 'CLC')",7
"('CALL_NEAR', 'NOP')",1
"('JB', 'SHL')",1
"('JNB', 'JNL')",4
"('JNL', 'RCL')",4
"('ADC', 'JNZ')",1
"('STC', 'JL')",5
"('JB', 'JNS')",6
"('JNL', 'LODSB')",1
"('JNS', 'JZ')",3
"('JNP', 'PUSHFD')",6
"('CALL_NEAR', 'JNZ')",9
"('JP', 'LEA')",8
"('STC', 'JNO')",3
"('JS', 'STC')",3
"('XOR', 'JO')",13
"('CLC', 'CLD')",6
"('CLC', 'AND')",7
"('AND', 'JLE')",1
"('JP', 'AND')",6
"('JLE', 'JNB')",5
"('SBB', 'JNB')",1
"('CALL_NEAR', 'JNP')",8
"('ADC', 'CMC')",2
"('JP', 'XOR')",8
"('JNP', 'LODSB')",2
"('LODSB', 'JNLE')",4
"('CALL_NEAR', 'LODSD')",3
"('SBB', 'CLC')",1
"('JNBE', 'NOP')",4
"('XCHG', 'JNB')",13
"('JNB', 'LODSW')",6
"('JNBE', 'JO')",8
"('JLE', 'JL')",5
"('LODSW', 'JLE')",6
"('XOR', 'JNLE')",9
"('OR', 'SBB')",3
"('JNBE', 'CLC')",3
"('MOVSX', 'JNZ')",2
"('MOVSX', 'JB')",1
"('JNB', 'JNP')",6
"('JNO', 'JO')",4
"('JNL', 'JO')",5
"('CMC', 'JL')",4
"('JL', 'JNZ')",6
"('JP', 'CMC')",5
"('JNS', 'LODSW')",4
"('JNP', 'SHL')",4
"('JO', 'LODSB')",1
"('CMC', 'JB')",2
"('SUB', 'JNBE')",6
"('JNO', 'MOVSX')",1
"('CLC', 'JLE')",2
"('JLE', 'LODSD')",2
"('JP', 'JLE')",3
"('RET_NEAR', 'REP_STOSD')",7
"('JNS', 'JNBE')",2
"('NOP', 'JLE')",4
"('SHL', 'JP')",3
"('INC', 'JB')",3
"('JBE', 'SBB')",1
"('JNB', 'NOP')",2
"('JNO', 'STC')",2
"('LODSD', 'XOR')",21
"('JNLE', 'JNBE')",2
"('JNBE', 'LODSW')",2
"('LODSW', 'JNP')",5
"('XCHG', 'JNBE')",10
"('LODSB', 'JLE')",4
"('INC', 'JNO')",2
"('JNO', 'RCL')",4
"('JLE', 'JB')",7
"('JNB', 'LODSD')",8
"('JB', 'STOSD')",4
"('LODSB', 'JNL')",3
"('AND', 'JNL')",2
"('LEA', 'JL')",13
"('JLE', 'JBE')",5
"('JNLE', 'CLD')",4
"('SBB', 'JBE')",2
"('LODSB', 'JNP')",2
"('STOSD', 'JZ')",6
"('LODSW', 'JNL')",10
"('JNO', 'SUB')",5
"('JNP', 'STC')",6
"('JS', 'LODSB')",1
"('LODSB', 'JL')",2
"('JB', 'JZ')",6
"('CMP', 'RET_NEAR')",1
"('JNZ', 'ADC')",7
"('CLD', 'CALL_NEAR')",16
"('OR', 'JNP')",2
"('JO', 'JNP')",2
"('JP', 'RCL')",5
"('CLD', 'JB')",5
"('INC', 'JNS')",7
"('JNP', 'JO')",7
"('JB', 'NOP')",1
"('XOR', 'JB')",11
"('JNS', 'JNO')",1
"('SHL', 'JNP')",7
"('LODSW', 'JBE')",6
"('JP', 'JNB')",5
"('CLD', 'NOP')",8
"('JNP', 'NOP')",2
"('SUB', 'JNB')",6
"('STC', 'JNBE')",2
"('STC', 'JZ')",2
"('JS', 'INC')",2
"('JNL', 'JS')",3
"('JNP', 'JL')",4
"('MOVSX', 'SBB')",2
"('INC', 'JP')",7
"('XCHG', 'JNZ')",4
"('JNLE', 'OR')",4
"('XCHG', 'JBE')",6
"('XOR', 'SBB')",5
"('OR', 'JP')",2
"('JL', 'JNB')",4
"('JO', 'JNBE')",4
"('POPFD', 'JS')",2
"('JS', 'JBE')",5
"('CLD', 'JO')",1
"('JO', 'XOR')",9
"('JNS', 'JNL')",1
"('SHL', 'JO')",4
"('JP', 'JNLE')",4
"('CMC', 'JNL')",2
"('LODSB', 'JNZ')",2
"('JB', 'JNB')",4
"('JO', 'SUB')",14
"('INC', 'CMC')",18
"('JLE', 'JNBE')",2
"('STC', 'STC')",5
"('JP', 'XCHG')",6
"('OR', 'MOVSX')",1
"('JZ', 'JNZ')",4
"('JNLE', 'LODSW')",1
"('JNS', 'CLC')",2
"('CLC', 'STC')",5
"('MOVSX', 'PUSHAD')",7
"('JNP', 'JLE')",4
"('STC', 'JBE')",1
"('JNLE', 'RET_NEAR')",3
"('CLC', 'JNB')",3
"('OR', 'CLD')",4
"('JNO', 'OR')",4
"('INC', 'JBE')",3
"('JBE', 'RCL')",11
"('JNL', 'JLE')",4
"('JZ', 'JNS')",1
"('JBE', 'JL')",5
"('CMC', 'JNO')",3
"('OR', 'JNBE')",1
"('JNO', 'SBB')",2
"('JNO', 'CMC')",2
"('LODSD', 'JNP')",10
"('JNP', 'DEC')",1
"('JNBE', 'JBE')",1
"('CALL_NEAR', 'RCL')",8
"('MOVSX', 'JBE')",2
"('NOP', 'JNLE')",3
"('STC', 'DEC')",9
"('JBE', 'JNP')",5
"('CMC', 'JNBE')",2
"('JNL', 'ADC')",1
"('JNLE', 'JNP')",1
"('JNB', 'JS')",6
"('POPFD', 'JL')",4
"('JL', 'PUSHFD')",3
"('JLE', 'NEG')",20
"('JNBE', 'JLE')",3
"('JNP', 'JNB')",2
"('LODSW', 'JNS')",6
"('INC', 'JO')",2
"('JP', 'CALL_NEAR')",5
"('JNS', 'CMC')",6
"('JNBE', 'CLD')",4
"('JNBE', 'JNO')",3
"('STC', 'OR')",5
"('XCHG', 'JP')",8
"('JNB', 'JBE')",7
"('CLD', 'SBB')",1
"('JNLE', 'LODSB')",1
"('CLD', 'JNLE')",2
"('STC', 'JLE')",2
"('SUB', 'JO')",3
"('JBE', 'JZ')",5
"('JNB', 'JNLE')",3
"('JL', 'JP')",3
"('JNS', 'CLD')",4
"('SHL', 'JBE')",4
"('CLC', 'CMP')",14
"('JNLE', 'PUSHFD')",7
"('POPFD', 'JNB')",5
"('JP', 'JO')",1
"('XOR', 'MOVSX')",1
"('STC', 'JB')",3
"('SHL', 'JNS')",5
"('CLC', 'JB')",6
"('STC', 'JNL')",3
"('JNL', 'SHL')",6
"('JNO', 'XCHG')",5
"('JP', 'NOP')",2
"('JP', 'LODSD')",3
"('JNLE', 'JS')",2
"('AND', 'JO')",2
"('JBE', 'CLD')",10
"('CLD', 'JNBE')",1
"('JNP', 'JZ')",5
"('LODSB', 'JBE')",2
"('CLD', 'JLE')",3
"('JBE', 'JNLE')",5
"('JP', 'LODSW')",2
"('POPFD', 'JNLE')",1
"('CMC', 'JNZ')",2
"('STOSD', 'JL')",7
"('JS', 'CLD')",3
"('JLE', 'CMC')",9
"('XCHG', 'JB')",8
"('STC', 'JP')",2
"('JNL', 'STC')",7
"('JLE', 'JP')",6
"('JNL', 'JNP')",3
"('JNS', 'NOP')",3
"('JO', 'JS')",2
"('JLE', 'JO')",2
"('JNB', 'INC')",6
"('JP', 'ADC')",1
"('JNO', 'JL')",2
"('JNP', 'OR')",3
"('POPFD', 'JBE')",3
"('JS', 'CLC')",10
"('ADC', 'SBB')",2
"('JO', 'JNO')",2
"('JNL', 'JNBE')",3
"('JNO', 'JNZ')",2
"('JS', 'JNP')",2
"('MOVSX', 'CLD')",4
"('JZ', 'JS')",4
"('CMC', 'JBE')",2
"('CLC', 'DEC')",6
"('JBE', 'LODSB')",2
"('JNS', 'JNLE')",2
"('JNS', 'JNB')",4
"('POPFD', 'STC')",1
"('MOVSX', 'STC')",1
"('ADC', 'XOR')",2
"('JBE', 'JNO')",4
"('PUSH', 'IRETD')",1
"('IRETD', 'CLD')",1
"('TEST', 'SETNLE')",2
"('SETNLE', 'LEA')",2
"('RET_NEAR', 'RET_FAR')",2
"('JNLE', 'STC')",7
"('JL', 'JO')",3
"('JB', 'JL')",4
"('STOSD', 'JNP')",4
"('STC', 'MOVZX')",2
"('CMC', 'JLE')",2
"('JO', 'LODSD')",1
"('JO', 'XCHG')",4
"('JBE', 'JB')",1
"('JB', 'SBB')",2
"('NOP', 'JBE')",1
"('LEA', 'SETZ')",2
"('LODSB', 'JO')",2
"('XCHG', 'LEA')",3
"('AND', 'JNBE')",4
"('JO', 'AND')",1
"('SBB', 'CMC')",3
"('JNS', 'DEC')",3
"('JNB', 'JL')",2
"('JNBE', 'LODSB')",3
"('JNO', 'JNB')",4
"('JZ', 'CLD')",6
"('JNS', 'ADC')",2
"('JNO', 'CLC')",2
"('JNS', 'JO')",4
"('LODSB', 'JB')",1
"('CALL_NEAR', 'STOSD')",2
"('MOVSX', 'ADD')",3
"('CMC', 'JP')",1
"('POPFD', 'JB')",1
"('JNZ', 'JS')",3
"('JNL', 'JNL')",4
"('JS', 'JL')",2
"('JNL', 'JZ')",4
"('NOP', 'JP')",6
"('JNBE', 'JNBE')",3
"('MOVZX', 'SBB')",3
"('JNO', 'STOSD')",3
"('JNZ', 'JNO')",4
"('JNS', 'JNP')",2
"('OR', 'JO')",3
"('JZ', 'ADC')",3
"('JNBE', 'JS')",2
"('JNO', 'RET_NEAR')",4
"('JNO', 'JNBE')",2
"('JB', 'JNP')",3
"('JNO', 'CMP')",5
"('OR', 'JBE')",2
"('JL', 'RCL')",1
"('JNBE', 'RCL')",1
"('AND', 'JNB')",1
"('ADC', 'JNO')",1
"('CMP', 'CALL_NEAR')",4
"('JL', 'JB')",6
"('MOVZX', 'CLD')",1
"('OR', 'JNB')",1
"('ADC', 'JBE')",1
"('SHL', 'JNB')",4
"('JNB', 'JO')",3
"('JNP', 'RET_NEAR')",1
"('XOR', 'ADC')",5
"('POPFD', 'ADD')",3
"('POPAD', 'MOVZX')",6
"('JS', 'JNBE')",2
"('JL', 'SHL')",2
"('JNO', 'TEST')",2
"('INC', 'JNL')",3
"('JNLE', 'CMC')",2
"('JL', 'XCHG')",3
"('JNLE', 'JNB')",4
"('CLC', 'JNLE')",1
"('LODSW', 'JO')",4
"('XCHG', 'JS')",4
"('ADC', 'JS')",2
"('OR', 'JB')",5
"('JS', 'LODSD')",4
"('JB', 'LODSD')",4
"('AND', 'JNS')",5
"('POPFD', 'JNP')",2
"('OR', 'JNS')",1
"('JNZ', 'JLE')",4
"('JNP', 'SBB')",1
"('POPFD', 'JZ')",2
"('JP', 'JNO')",1
"('JLE', 'LODSW')",3
"('JS', 'MOVSX')",1
"('JNP', 'AND')",1
"('OR', 'JS')",2
"('JS', 'JLE')",4
"('JS', 'RCL')",1
"('LODSW', 'JB')",1
"('JNLE', 'ADC')",2
"('JZ', 'JP')",4
"('JL', 'LODSB')",1
"('JNL', 'JNLE')",3
"('STC', 'JNP')",1
"('JNS', 'JP')",1
"('SHL', 'JB')",6
"('JNP', 'JS')",1
"('SBB', 'ADC')",1
"('JS', 'NOP')",2
"('JZ', 'JNBE')",1
"('JNP', 'JNS')",4
"('JNBE', 'JNB')",2
"('MOVZX', 'JS')",2
"('JNS', 'JBE')",1
"('OR', 'JNLE')",2
"('LODSB', 'JP')",2
"('XCHG', 'CMP')",2
"('JNP', 'MOVSX')",1
"('SBB', 'JZ')",1
"('JP', 'JS')",1
"('JO', 'RET_NEAR')",1
"('POPFD', 'MOVSX')",1
"('JNB', 'RCL')",1
"('JO', 'RCL')",2
"('RET_NEAR', 'NOP')",1
"('CMC', 'JS')",1
"('MOVZX', 'CLC')",1
"('JL', 'NOP')",2
"('JO', 'SBB')",2
"('CLC', 'JL')",1
"('JBE', 'JNBE')",2
"('DEC', 'ROR')",1
"('ROR', 'INC')",1
"('JNLE', 'SHL')",1
"('SBB', 'JL')",1
"('ADC', 'JL')",1
"('CLC', 'JNS')",1
"('POPFD', 'JO')",1
"('ADC', 'CLC')",1
"('JNP', 'ADC')",1
"('MOVSX', 'JNBE')",1
"('CLC', 'JS')",1
"('MOVSX', 'CMC')",1
"('SHL', 'POP')",4
"('JS', 'JNS')",1
"('JO', 'SHL')",1
"('JO', 'PUSHFD')",3
"('JNO', 'JNL')",2
"('MOVSX', 'JNO')",1
"('POPFD', 'JNS')",1
"('MOVZX', 'JNP')",1
"('JBE', 'LODSW')",1
"('JNS', 'MOVSX')",1
"('JL', 'JZ')",2
"('CLC', 'JNL')",2
"('JLE', 'LODSB')",2
"('SBB', 'JNLE')",1
"('CLC', 'JNO')",1
"('RET_NEAR', 'RCL')",1
"('JNO', 'JNO')",1
"('CLC', 'MOVSX')",2
"('CLD', 'JNB')",1
"('JNO', 'JS')",1
"('RET_NEAR', 'XCHG')",1
"('CLC', 'JO')",1
"('ADC', 'JP')",1
"('JO', 'MOVZX')",1
